B000001,Zukay Live Foods,(610) 286-3077,zukay.com,http://zukay.com/find-zukay/
B000002,Zola,(888) 879-9652,http://zolaacai.com,http://zolaacai.com/store-locator/
B000003,Zoe,(212) 563-2707,http://www.zoebrand.com/,http://www.zoebrand.com/wheretobuy/
B000004,Zingerman's,(888) 636-8162,www.zingermans.com,http://www.zingermanscreamery.com/places-to-buy/
B000005,Ziggy Marley Organics,(866) 312-3762,http://www.ziggymarleyorganics.com/,http://www.ziggymarleyorganics.com/store-locator/
B000006,Zerbe's,(717) 291-1076,,
B000007,Zelalem Injera,(202) 640-2624,http://zelaleminjera.com/,http://zelaleminjera.com/zstore/
B000008,Z Natural Foods,(888) 963-6637,http://www.znaturalfoods.com,http://www.znaturalfoods.com/index.php?main_page=contact_us
B000009,Yumbutter,,http://www.yumbutter.com/,http://batchgeo.com/map/92bc342ded5c1d702c20a15a483dce81
B000010,Yogi Tea,(800) 964-4832,http://www.yogiproducts.com,http://www.yogiproducts.com/dealer-locator/
B000011,YAWP!,(919) 797-9297,http://www.yawpeats.com,http://www.yawpeats.com/pages/where-to-find-us
B000012,Y.S. Organic Bee Farms,(800) 654-4593,www.ysorganic.com,
B000013,Wyman's of Maine,(800) 341-1758,wymans.com,http://wymans.com/article/store-locator
B000014,Working Cows Dairy,(334) 886-3839,http://www.workingcowsdairy.com,http://www.workingcowsdairy.com/where-to-find-our-products/
B000015,Woodstock Farms,,www.woodstock-farms.com,http://www.woodstock-foods.com/pages/StoreLocator.aspx
B000016,Wolff's,(315) 536-3311,http://thebirkettmills.com/,http://thebirkettmills.com/shop
B000017,Wolaver's Fine Organic Ales,(802) 388-0727,http://wolaversorganic.com/node/2,
B000018,Wise Organic Pastures,(718) 596-0400,www.wiseorganicpastures.com,
B000019,Wisconsin Natural Acres,(920) 849-9784,www.wnacres.com,http://www.wnacres.com/Outlets.html
B000020,Wills Valley Farm Products,(717) 284-5751,www.willsvalley.com,http://willsvalley.com/1083482.html
B000021,Willow Run Dairy,(717) 556-0285,www.myrealfoodclub.com,http://www.myrealfoodclub.com/shop/
B000022,Willow Hills,(270) 479-0055,willowhills.org,
B000023,Williamson Farms,(1888) 743-2960,http://williamsonfarms.ca,
B000024,Wilderness Poets,(360) 247-6250,http://www.wildernesspoets.com/,
B000025,Wilderness Family Naturals,(866) 936-6457,www.wildernessfamilynaturals.com,http://www.wildernessfamilynaturals.com/retail-locations.php
B000026,Wildcatch,907-865-5033,http://www.copperriverseafoods.com,http://www.copperriverseafoods.com/contact-us/
B000027,Wildbrine,(707) 657-7607,http://www.wildbrine.com,http://www.wildbrine.com/page/480475720
B000028,Wild Run Salmon,(907) 299-0730,wildrunsalmon.com,http://www.wildrunsalmon.com/FarmersMarkets.html
B000029,Wild Planet,(800) 998-9946,http://www.wildplanetfoods.com/,
B000030,Wild Idea Buffalo Co.,(866) 658-6137,wildideabuffalo.com,
B000031,Wild for Salmon,(570) 387-0550,wildforsalmon.com,http://wildforsalmon.com/how-to-buy/retail-locations/page.aspx?id=1174
B000032,Wil-Ar Farm,(717) 776-6552,,
B000033,Wholesome Sweeteners,(800) 680-1896,http://www.wholesomesweeteners.com,http://wholesomesweeteners.com/Company/StoreLocator.aspx
B000034,Whole Foods 365,512-477-4455,http://www.wholefoodsmarket.com/,http://www.wholefoodsmarket.com/stores/list
B000035,White Thunder Organics,(605) 452-3233,http://www.whitethunderorganics.com,http://www.whitethunderorganics.com/
B000036,White Oak Pastures,(229) 641-2081,whiteoakpastures.com,
B000037,Wheatena,(800) 819-3918,http://www.homestatfarm.com,http://www.homestatfarm.com/StoreLocator/tabid/2995/Default.aspx
B000038,Whale Tails,,http://www.whaletailschips.com,http://www.whaletailschips.com/where-to-buy/
B000039,Westbrae,(1800) 434-4246,www.westbrae.com,
B000040,West Wind Farms,(855) 593-7894,http://www.westwindfarms.com,
B000041,Welsh Mountain Farm,(717) 768-3652,http://www.homegrowncow.com/cake/farms/profile/?Name=/welsh-mountain-farm,
B000042,Wellshire Farms,(877) 467-2331,http://www.wellshirefarms.com/,http://www.wellshirefarms.com/whole-foods-markets-store-locator
B000043,Well Food Company,(949) 500-2167,http://wellfoodco.com,http://wellfoodco.com/in-stores-near-you/
B000044,Wegmans,(800) 934-6267,www.wegmans.com,http://www.wegmans.com/webapp/wcs/stores/servlet/CategoryDisplay?storeId=10052&identifier=CATEGORY_517
B000045,Wee Bee,(585) 652-9592,www.weebeehoney.net/_,
B000046,Wedderspoon,(877) 296-8403,http://www.wedderspoon.com,
B000047,Way Better,(631) 761-6950,http://gowaybetter.com/,http://gowaybetter.com/store-locator/
B000048,Wasa,,http://www.wasa-usa.com,
B000049,Walt's Swarmbustin',(610) 384-2384,http://www.swarmbustinhoney.com/,
B000050,Walnut Acres,(1800) 434-4246,http://www.walnutacres.com,http://www.wholefoodsmarket.com/stores/list
B000051,Vom Fass,(608) 204-0300,www.vomfassusa.com,http://vomfassusa.com/locations
B000052,Vivapura,(877) 787-6457,www.vivapura.com,http://www.vivapura.com/category_s/1825.htm
B000053,Vitamin Research Products,(800) 877-3292,http://www.vrp.com,
B000054,Vital Vittles,(510) 644-2022,www.vitalvittles.com,http://www.vitalvittles.com/html/stores.html
B000055,Vital Farms,(877) 455-3063,vitalfarms.com/_,http://vitalfarms.com/findoureggs.html
B000056,Vital Choice,866-482-5887,www.vitalchoice.com,
B000057,Vita Biosa,,http://www.vitabiosa.com/,
B000058,Virgin Oil de Coco-Creme,(877) 870-1018,http://virginoildecococreme.com/,
B000059,Vicolo,(1866) 484-2656,http://www.vicolopizza.com,http://www.vicolopizza.com/store-locator/
B000060,Vermont Highland Cattle Company,(888) 243-8218,http://www.vermonthighlandcattle.com,
B000061,Vermont Butter and Cheese Company,(800) 884-6287,www.vermontcreamery.com,http://www.vermontcreamery.com/find-our-products
B000062,Venice Olive Oil Co.,(941) 483-4200,veniceoliveoil.com,http://veniceoliveoil.com/location/
B000063,Veldhuizen Cheese,(254) 968-3098,http://www.veldhuizencheese.com/,
B000064,Veggie-Go's,(303) 875-5196,nakededgesnacks.com,http://nakededgesnacks.com/buy/store-locator/
B000065,Vanns Spices,(800) 583-1693,http://www.vannsspices.com,http://www.vannsspices.com/vendors.php
B000066,Valley Organic Garlic Farm,(717) 806-0392,http://valleyorganicgarlic.com,
B000067,Utz,(1800) 367-7629,www.utzsnacks.com,http://www.utzsnacks.com/about_distcenters.html
B000068,US Wellness,(877) 383-0051,www.grasslandbeef.com,http://www.grasslandbeef.com/Page.bok?template=retail.html
B000069,Uplands,(888) 935-5558,http://www.uplandscheese.com/,http://www.uplandscheese.com/where-to-buy.php
B000070,United With Earth,(323) 982-9311,http://www.unitedwithearth.com,
B000071,Unique Essential Eating,888 477-5487,essentialeating.com,
B000072,Underground Butcher,(608) 338-3421,http://undergroundfoodcollective.org,http://undergroundfoodcollective.org/contact
B000073,Uncured Natural Meats,(920) 386-4971,http://www.uncurednaturalmeats.com/,http://www.uncurednaturalmeats.com/page/69022220
B000074,Uncle Matt's Organic,(877) 364-2028,unclematts.com/,http://unclematts.com/store-locator/
B000075,Uncle Ben's,(800) 548-6253,www.unclebens.com,http://www.unclebens.com/Store-Locator.aspx#.Uws58M6PpFg
B000076,Ultimate Superfoods,(800) 728-2066,ultimatesuperfoods.com,http://ultimatesuperfoods.com/retail-locator
B000077,Two Moms in the Raw,(720) 221-8555,http://www.twomomsintheraw.com,http://www.twomomsintheraw.com/pages/store-locator#80026
B000078,Two Leaves Tea Company,(866) 631-7973,www.twoleavestea.com,
B000079,Twin Lab,(800) 645-5626,www.twinlab.com,http://www.twinlab.com/twinlab-store-locator
B000080,Tudor House Tea & Spice,(269) 978-3475,http://tudorhousetea.com,
B000081,Tsar Nicoulai Caviar,(800) 952-2842,http://tsarnicoulai.gostorego.com,
B000082,TruRoots,(925) 218-2205,truroots.com,http://truroots.com/where-to-buy/
B000083,True Natural Taste,(800) 559-2998,truenaturaltaste.com,
B000084,Tropics Best,(888) 386-9246,https://tropicsbest.com,
B000085,Tropical Traditions,(866) 311-2626,www.tropicaltraditions.com,https://secure.ttpurchase.com/index.cfm?phrase=retail-outlets
B000086,Tropical Salt Corporation,(877) 323-6611,www.tropicalsalt.com,
B000087,Trickling Springs Creamery,(717) 709-0711,www.tricklingspringscreamery.com,http://www.tricklingspringscreamery.com/locations/index.php
B000088,Tribest Yolife,(888) 254-7336,http://www.tribestlife.com/productcart/pc/Yolife-Yogurt-Starter-Extra-Super-Concentrated-Formula-Non-Dairy-Base-30g-Bottle-Up-to-320-Servings-31p266.htm,
B000089,Triangle Organics,(814) 349-4890,,
B000090,Traditional Medicinals,(800) 543-4372,http://www.traditionalmedicinals.com/,http://traditionalmedicinals.com/store-locator/
B000091,Traderspoint Creamery,(317) 733-1700,www.tpforganics.com,http://www.tpforganics.com/locations/
B000092,Trader Joe's,,www.traderjoes.com,http://www.traderjoes.com/stores/index.asp
B000093,Tra Chang,,,http://importfood.com/satc2408.html
B000094,Top of the World Farm,(866) 866-3287,http://www.topoftheworldfarm.com,
B000095,Tonnino*,(888) 325-8621,http://www.tonnino.com/,http://www.tonnino.com/a-store-near-you.php
B000096,Tom's Amish Dairy Products,(717) 548-4284,http://www.amishcheesestore.com,
B000097,Tohum Natural Foods,(510) 717-7614,http://www.tohum.com/,
B000098,To Your Health Sprouted Flour Co.,(877) 401-6837,http://www.organicsproutedflour.net/,http://www.organicsproutedflour.net/storefinder.html
B000099,Tiparos,,http://www.tiparos.com/,
B000100,Tinkyada,(619) 609-0016,http://www.tinkyada.com/,
B000101,Tierra Farm,(888) 674-6887,http://www.tierrafarm.com/,http://www.tierrafarm.com/storelocator.aspx
B000102,Tiburtini,(888) 636-8162,,
B000103,Thunder Heart Bison,(210) 930-0841,http://www.thunderheartbison.com/,http://www.thunderheartbison.com/shop/
B000104,Thousand Hills Cattle Company,(507) 263-4001,www.thousandhillscattleco.com,http://www.thousandhillscattleco.com/wheretofind.asp
B000105,Thoughtful Harvest,(864) 492-1499,http://thoughtfulharvest.com/,
B000106,Thompson Farms,(866) 463-9218,http://www.thompsonfarms.com,
B000107,Thomas Organic Creamery,(989) 661-2354,www.thomasorganiccreamery.com,http://www.thomasorganiccreamery.com/storelocations.html
B000108,The Wizard's,(805) 684-8500,http://www.edwardandsons.com/thewizards_info.itml,http://www.edwardandsons.com/findStore.itml
B000109,The Urban Homemaker,(800) 552-7323,http://www.urbanhomemaker.com/productcart/pc/home.asp,
B000110,The Synergy Company,(800) 723-0277,Thesynergycompany.com,
B000111,The Spice Hunter,(800) 688-5676,www.spicehunter.com,https://www.spicehunter.com/where_to_buy.asp
B000112,The Rejuvenation Company,(510) 594-2440,http://www.rejuvenationcompany.com/,http://www.rejuvenationcompany.com/Contacts.html
B000113,The Real Bread Company,7709267325,http://www.realbreadcompany.com/,http://www.realbreadcompany.com/where.html
B000114,The Raw Food World,(866) 729-3438,http://www.therawfoodworld.com/,
B000115,The Raw Bakery - Blue Mountain Organics,(540) 745-5040,http://bluemountainorganics.com/therawbakery/,
B000116,The Pure Olive,(571) 208-8203,http://www.thepureolive.com/,
B000117,The Original Brat Hans,(800) 442-8666,http://www.colemannatural.com/,http://www.colemannatural.com/wheretobuy.asp
B000118,The Olive Bar,(408) 370-1901,http://theolivebar.com,http://theolivebar.com/about-us/
B000119,The Oatmeal of Alford,,http://www.oatmealofalford.com/,http://www.oatmealofalford.com/contact.html
B000120,The Naked Pig Meat Co.,(704) 485-2258,http://www.thenakedpig.com/default.asp,
B000121,The Kombucha Shop,,http://www.thekombuchashop.com,http://www.thekombuchashop.com/shop/
B000122,The Grass Fed Cattle Company,(612) 581-7787,http://grassfedcattleco.com/,
B000123,The Gefilteria,3476888561,http://gefilteria.com/,http://gefilteria.com/shop/find-our-products/
B000124,The Family Cow,(717) 491-4004,http://www.yourfamilyfarmer.com/,http://www.yourfamilyfarmer.com/retail-stores
B000125,The Country Hen,(978) 928-5333,http://www.countryhen.com/,http://www.countryhen.com/stores.php
B000126,The CheeseMaker,(414) 745-5483,www.thecheesemaker.com,
B000127,The Brothery,,http://www.thebrothery.com/,
B000128,The Brinery,(734) 717-4469,thebrinery.com,http://thebrinery.com/findus/stores/
B000129,Thankful Harvest,(712) 830-3281,http://thankfulharvest.com,
B000130,Thai Kitchen,(800) 967-8424,http://www.thaikitchen.com/,http://www.thaikitchen.com/Find-Thai-Kitchen-Products.aspx
B000131,Terroirs d'Antan,,,
B000132,Terra,(800) 434-4246,http://www.terrachips.com,http://www.terrachips.com/about-terra-chips/store-locator
B000133,Tendergrass Farms,(800) 929-1785,grassfedbeef.org,
B000134,Teeny Tiny Spice Co. of Vermont,(802) 598-6800,www.teenytinyspice.com,http://www.teenytinyspice.com/retail-locations/
B000135,Taste Nirvana,(909) 598-4300,www.tastenirvana.com,http://www.tastenirvana.com/store-locator
B000136,Tanka,(800) 416-7212,http://www.tankabar.com,
B000137,Tallgrass Beef Company,,tallgrassbeef.com,http://www.tallgrassbeef.com/where_to_buy_grocery.html/
B000138,Talenti,(214) 526-3600,http://www.talentigelato.com/,https://talentigelato.com/store-locator/
B000139,T.G.L. Organic,323-289-2343,http://www.tglorganic.com/,
B000140,SwissLand Cheese Co.,(260) 589-2671,http://www.swisslandcheese.com/,http://www.swisslandcheese.com/t/WhereToBuy-2
B000141,Swiss Connection,(812) 939-2813,http://www.swissconnectioncheese.com/,
B000142,Sweetwater Baking Co.,(540) 593-3191,https://www.sweetwatergranola.com/,
B000143,Sweet William of Earlville,(315) 691-3000,www.earlvillefarms.com,
B000144,Sweet Grass Dairy,(229) 228-6704,http://sweetgrassdairy.com/,
B000145,Swanson,(800) 824-4491,http://www.swansonvitamins.com/,
B000146,Sustainable Seas,(800) 998-9946,http://www.sustainableseas.com/,
B000147,Surry Farms,1 (800) 290-9213,http://www.surryfarms.com/,
B000148,Sunset Valley Organics,(541) 752-0460,http://www.sunsetvalleyorganics.com/,http://www.sunsetvalleyorganics.com/Where-to-Buy.html
B000149,Sunset Acres,(765) 569-5677,,
B000150,SunOrganic Farm,(888) 269-9888,http://www.sunorganic.com/,
B000151,Sunny Crest Pastures,(717) 768-0101,,
B000152,Sunja's,(802) 244-7644,https://www.sunjaskimchi.com,http://www.sunjaskimchi.com/scripts/default.asp?idPage=100
B000153,Sunfood Super Foods,8887293663,http://www.sunfood.com/,
B000154,Sunflower Organics,619-263-5203,http://www.honeybeepollen.com/,http://honeybeepollen.com/where-to-buy
B000155,SunButter,(1800) 437-5539,http://www.sunbutter.com/,http://www.sunbutter.com/buy-sunbutter.php
B000156,Sunbiotics,(800) 925-0577,http://sunbiotics.com,
B000157,"Sugartown Smoked Specialties, Inc.",(610) 429-4080,www.smokedfoods.com,http://www.smokedfoods.com/buy-fresh-buy-local/
B000158,Strength Kizmix,(603) 475-5095,www.willnroses.com,http://www.willnroses.com/SearchResults.asp?Cat=68
B000159,Straus Family Creamery,(707) 776-2887,http://strausfamilycreamery.com/,http://strausfamilycreamery.com/
B000160,Straka Meats Inc.,(608) 546-3301,http://www.strakameatsinc.com,
B000161,Stock Options,(503) 236-7610,www.stockoptionsonline.com,http://stockoptionsonline.com/locations/
B000162,Stiglmeier Sausage Co.,(800) 451-8199,www.stiglmeier.com,
B000163,Steve's Original,,http://www.stevespaleogoods.com,
B000164,Starwest Botanicals,(800) 800-4372,http://www.starwest-botanicals.com/,
B000165,STAR,(559) 498-2900,http://www.starfinefoods.com/,http://www.starfinefoods.com/our-products/where-to-buy/
B000166,Stannard Farm,,http://www.stannardfarm.com/,
B000167,"Stakich, Inc.",(248) 642-7023,http://www.stakich.com/,
B000168,Squid Brand,(662) 234-3402,http://www.squidbrand.com/,
B000169,Sproutpeople,(877) 777-6887,http://sproutpeople.org/,
B000170,Sproutman,(1800) 695-2241,http://www.sproutman.com/,
B000171,Sprouted Almonds,(307) 673-0601,http://www.sproutedalmonds.com/,
B000172,Sprout Creek Farm,(845) 485-9885,http://www.sproutcreekfarm.org/,http://www.sproutcreekfarm.org/SproutCreekRetailers.pdf
B000173,Springer Mountain Farms,(877) 826-2322,http://www.springermountainfarms.com/,http://springermountainfarms.com/Merchant5/merchant.mvc?Screen=cp_where_to_find
B000174,Spring Hill Jersey Cheese Co.,(707) 762-3446,www.springhillcheese.com,http://www.springhillcheese.com/visit-us.php
B000175,Spring Gap Mountain Creamery,(304) 947-5414,www.springgapmtn.com/,
B000176,Spring Brook Farm,(802) 484-1226,http://farmsforcitykids.org/,
B000177,Spring Bank Acres,(814) 349-5594,http://www.buylocalpa.org/source/view/spring-bank-acres2,
B000178,Spiritual Food for the New Millennium,(301) 654-4899,http://schooloflife.org,
B000179,Spirit Creek Farm,(715) 742-3551,spiritcreekfarm.com,http://spiritcreekfarm.com/Retail%20Locations.html
B000180,Spicely,(510) 440-1044,http://www.spicely.com,http://spicely.com/apps/store-locator
B000181,Spence & Co.,(508) 427-5577,http://www.spenceltd.com/,http://www.spenceltd.com/contact.shtml
B000182,Spectrum,(800) 434-4246,http://www.spectrumorganics.com/,
B000183,Spam,(1800) 523-4635,www.spam.com/_,http://www.hormelfoods.com/Brands/Product-Locator.aspx
B000184,South River,(413) 369-4057,http://www.southrivermiso.com/,
B000185,South Mountain Creamery,(1877) 269-2968,www.southmountaincreamery.com,
B000186,Sophia's Survival Food,,http://grassfedjerkychews.com,
B000187,Soothin' Infusion,(800) 250-4718,soothininfusion.com,
B000188,Sonoma,(800) 446-1516,http://latortillafactory.com,http://www.latortillafactory.com/buy/
B000189,Sonne's,(800) 544-8147,www.sonnes.com,
B000190,Sommers Organic,(877) 377-9797,www.sommersorganic.com,
B000191,Something Pure,,http://somethingpure.com/,
B000192,Somerdale,,http://somerdale.co.uk/products/somerdale-english-butter.aspx,http://somerdale.co.uk/blogs.aspx?cat=8
B000193,Solomon Falls,(907) 835-4874,www.solomonfalls.com,
B000194,Soler Romero,,http://www.soler-romero.com/,http://www.soler-romero.com/where-are-we
B000195,Solana Gold,(707) 829-6024,www.solanagold.com/_,http://solanagold.3dcartstores.com/Store-Locator_ep_66.html
B000196,Sol Grains,(505) 984-3140,www.solgrains.com,http://www.solgrains.com/InStores.html
B000197,Soaring Eagle Ranch,(575) 588-7424,http://www.naturalsteak.com/,
B000198,Soaper's Choice,(800) 322-6457,http://www.columbusfoods.com/,
B000199,Snowville Creamery,(740) 698-2340,www.snowvillecreamery.com,http://www.snowvillecreamery.com/find-a-retailer.html
B000200,Sno-Pac,(1800) 533-2215,www.snopac.com,http://www.snopac.com/distributors.htm
B000201,Smucker's,(888) 550-9555,http://www.smuckers.com/,http://www.smuckers.com/where-to-buy
B000202,Smjör,,www.smjor.is,http://www.smjor.is/Where-to-buy/
B000203,Smith & Truslow,,http://www.smithandtruslow.com,http://www.smithandtruslow.com/farmers-markets.php
B000204,SmartMonkey,,www.smartmonkeyfoods.com,
B000205,Smart Chicken,(402) 786-1000,www.cafetecumseh.com/SmartChicken,https://www.cafetecumseh.com/SmartChicken/Retailers.aspx
B000206,Small Valley Milling,(717) 362-9850,smallvalleymilling.com,
B000207,Sky Top Farms,(1800) 376-9544,http://www.skytopfarms.com/,http://www.skytopfarms.com/find.htm
B000208,Skansen,,,
B000209,Simply Organic,(800) 437-3301,www.simplyorganic.com,http://www.simplyorganic.com/store.php?Screen=locator
B000210,Simply Lobsters,(800) 796-3189,www.simplylobsters.com,
B000211,Simply Ghee,(717) 587-6841,http://www.simplyghee.com,http://www.simplyghee.com/get-ghee-here/
B000212,Simple Squares,(312) 343-9986,simplesquares.com,http://simplesquares.com/contact/
B000213,Simple Mills,(773) 800-0364,http://www.simplemills.com/,http://www.simplemills.com/pages/find-our-products-in-stores
B000214,Sigona's Fresh Press,(650) 368-6993,www.sigonas.com/,http://www.sigonas.com/humble-roots/vendors/
B000215,Sierra Nevada Cheese Company,(530) 934-8660,www.sierranevadacheese.com,
B000216,Siberian Tiger Naturals,1(206)407-3048,www.siberiantigernaturals.com,
B000217,Sibby's,,,
B000218,Shudde Family Ranch,(866) 392-1510,http://www.shudderanch.com,
B000219,Shirakiku,(303) 295-0293,http://www.pacificmercantile.com/,
B000220,Shiloh Farms,(800) 362-6832,www.shilohfarms.com,
B000221,Shields Date Garden,(800) 414-2555,http://www.shieldsdategarden.com,http://www.shieldsdategarden.com/shields_dates_store.aspx
B000222,Shepherd Song Farm,(715) 265-7637,www.shepherdsongfarm.com,
B000223,Shelton's,(800) 541-1833,http://www.sheltons.com/,http://www.sheltons.com/find_store.html
B000224,Shelburne Farms,(802) 985-8686,http://www.shelburnefarms.org/,
B000225,Shaw's,(877) 932-7948,www.shaws.com/,http://shaws.mywebgrocer.com/Stores
B000226,ShaSha Co.,(416) 255-0416,http://www.shashabread.com/,http://www.shashabread.com/store-locator/
B000227,Shady Maple Farms,(819) 362-3241,http://www.citadelle-camp.coop/maple-syrup/Consumers/presentation/products/Shady-Maple-Farms.aspx,
B000228,Shady Acres,(717) 361-1640,,
B000229,Sevre et Belle,(1800) 522-8427,,
B000230,Seven Stars Farm,(610) 935-1949,www.sevenstarsfarm.com,http://www.sevenstarsfarm.com/
B000231,Serenity Farm,(870) 447-2211,http://www.serenityfarmbread.us/,http://www.serenityfarmbread.us/locations/
B000232,Sensible Foods,(888) 222-0170,http://sensiblefoods.com/,http://sensiblefoods.com/find-stores
B000233,Selina Naturally,(800) 867-7258,http://www.selinanaturally.com/,
B000234,Seattle Caviar Company,(888) 323-3005,http://caviar.com/,
B000235,Season,(201) 553-1100,http://manischewitz.elsstore.com/view/category/10181-season-brand/,
B000236,SeaSnax,(310) 882-5503,http://store.seasnax.com/,http://store.seasnax.com/Where-to-Buy_ep_45.html
B000237,Seagreens,(800) 899-3413,http://seagreensonline.com,
B000238,Seafood Connection,(360) 268-1328,http://westportwa.com/seafood/,
B000239,SeaBear,(800) 645-3474,www.seabear.com,https://www.seabear.com/visit-our-smokehouse.cfm
B000240,Seaagri,(678) 232-9064,seaagri.com,http://seaagri.com/distributors.htm
B000241,Sea Tangle Noodle Company,(408) 966-3109,http://www.kelpnoodles.com,http://www.kelpnoodles.com/purchase_noodles_wheretobuy.html
B000242,Sea Fare Pacific,(541) 266-8862,http://seafarepacific.com/,
B000243,Sea Clear,323 423 3207,shamanshackherbs.com,
B000244,Scott River Ranch,(530) 467-4006,www.scottriverranch.com,http://www.scottriverranch.com/shop/local.html
B000245,Schenker Family Farms,(877) 632-4470,schenkerfarms.com,http://schenkerfarms.com/pages/retail-locations
B000246,Saxon Creamery,(920) 693-8500,http://www.saxoncreamery.com/,
B000247,Santa Cruz Organic,(888) 569-6994,http://www.santacruzorganic.com,http://www.santacruzorganic.com/locator
B000248,Sanfaustino,1-866-LESS-FIZ,http://www.arenapartners.net/sanfaustino/home.html,
B000249,San-J,(800) 446-5500,www.san-j.com,http://www.san-j.com/wheretobuy.asp
B000250,San Pellegrino,,http://www.sanpellegrino.com/us,
B000251,San Marzano,(856) 853-5445,http://www.cento.com/sanmarzano/sanmarzano.html,
B000252,San Francisco Salt Company,(800) 480-4540,http://www.sfbsc.com/,
B000253,Sami's Bakery,(877) 989-2722,http://samisbakery.com/,
B000254,SaltWorks,(800) 353-7258,http://www.saltworks.us,
B000255,"Salt, Fire & Time",(503) 208-2758,http://saltfireandtime.com/,
B000256,Salemville Amish,(800) 782-0741,http://www.salemville.com/ ; http://www.dcicheeseco.com/salemville,http://www.salemville.com/where-to-buy.html
B000257,Saint Benoit Creamery,,www.stbenoit.com/,
B000258,Safeway O Organics,(877) 723-3929,http://www.safeway.com/ShopStores/O-Organics.page,http://www.safeway.com/ShopStores/Store-Locator-Results
B000259,Sacred Foods,(415) 883-1311,www.sacredchocolate.com,http://www.sacredchocolate.com/sacred-resellers.html
B000260,Sacco,,http://www.saccosrl.it/en/contatti/,
B000261,Ryvita,,http://www.ryvita.co.uk/,http://www.ryvita.co.uk/get-in-touch
B000262,Ryan Drum,,ryandrum.com,
B000263,Ry Krisp,(866) 770-1157,http://www.rykrisp.com/,
B000264,Russell,(888) 429-4854,http://www.russellmaplefarms.com/,http://www.russellmaplefarms.com/contacts.php
B000265,Running Water Farm,(717) 627-3177,,
B000266,Rumiano Cheese Company,(707) 465-1535,www.rumianocheese.com,http://www.rumianocheese.com/store-locator
B000267,Rumford,(812) 232-9446,http://www.clabbergirl.com/consumer/products/rumford/,
B000268,Rudolph's,(800) 268-1589,http://www.rudolphsbakeries.com/,
B000269,Ruby Bay,(718) 383-8585,http://www.acmesmokedfish.com/products?landing=ruby-bay,http://www.acmesmokedfish.com/store-locator
B000270,Rozzano,,,
B000271,Rougié,(450) 460-2107,http://www.rougie.us/,http://www.rougie.us/distribution.html
B000272,Roth Sugar Bush,(715) 289-3665,http://www.rothsugarbush.com/,
B000273,Roseda,(410) 329-3068,http://www.rosedabeef.com/,http://www.rosedabeef.com/grocery.html
B000274,Romanoff,(1800) 999-1835,http://www.romanoffcaviar.com/,http://www.romanoffcaviar.com/romanoff-where-to-buy
B000276,Roland,(800) 221-4030,http://www.rolandfood.com/,http://www.rolandfood.com/divisions/retail/
B000277,Rogue Creamery,(541) 665-1155,http://www.roguecreamery.com/store/,http://www.roguecreamery.com/store/content/92/Retailers/
B000278,Rocky Ridge Dairy,(717) 284-0466,,
B000279,"Rocky Plains, LLP",(970) 217-7985,http://www.rockyplains.com/,
B000280,Rocky Mountain Organic Meats,(877) 754-4606,http://www.rockymtncuts.com/,
B000281,Rock House Farm,828 438 3881,http://www.rockhousefarm.info/,
B000282,Robinson Farm,(413) 477-6988,http://www.robinsonfarm.org/,http://www.robinsonfarm.org/farmstand.html
B000283,Rizopia,(416) 609-8820,http://rizopia.com/,
B000284,Rising Tide Sea Vegetables,(707) 964-5663,http://www.loveseaweed.com/,http://batchgeo.com/map/633fe6ffa6e3b0b0250e5d912d0e87ad
B000285,Rigoni di Asiago,,,http://rigonidiasiago-usa.com/find-a-store/
B000286,Rigoni Di Asiago,(786) 282-7186,http://rigonidiasiago-usa.com,
B000287,RiceSelect,(800) 993-7423,http://www.riceselect.com/,http://www.riceselect.com/our-location.aspx
B000288,Ribbon Road Farms,(716) 326-6150,http://www.ribbonroadfarm.com/,
B000289,Rhythm Superfoods,(512) 441-5667,http://rhythmsuperfoods.com/,http://rhythmsuperfoods.com/store-finder
B000290,Rejuvenative Foods,(800) 805-7957,http://www.rejuvenative.com/,http://www.rawoils.com/locator.htm
B000291,Reed's,(800) 997-3337,http://reedsinc.com/,http://reedsinc.com/store-locator/
B000292,Redwood Hill,(707) 823-8250,http://www.redwoodhill.com/,http://www.redwoodhill.com/store-locator/
B000293,Redmond's,(330) 545-3700,http://www.peanutfreefoods.com/,http://www.peanutfreefoods.com/8.html
B000294,Red Boat,(925) 858-0508,http://www.redboatfishsauce.com/,http://www.redboatfishsauce.com/where_to_buy.html
B000295,Reallygoods,(608) 692-1918,http://www.reallygoods.net/,http://www.reallygoods.net/where-to-buy/
B000296,Really Raw,(800) 732-5729,http://www.reallyrawhoney.com/,
B000297,Real Pickles,(413) 774-2600,http://www.realpickles.com/,http://www.realpickles.com/stores.html
B000298,Rawtella,none,,
B000299,RawOne Food,(954) 922-1315,http://www.rawonefood.com,http://www.rawonefood.com/find-a-retailer/
B000300,Rawmio,(800) 518-0727,http://www.rawmio.com/,
B000301,RawGuru,(800) 518-0727,www.rawguru.com/_,
B000302,Raw from the Farm,(510) 394-4729,http://www.rawfromthefarm.com/Pages/default.aspx,
B000303,Raw Crunch,,http://www.rawcrunchbar.com/,http://www.rawcrunchbar.com/pages/retailers/
B000304,Rapunzel,973-338-1499,http://www.rapunzel.de/,http://www.internaturalfoods.com/brands/rapunzel-organic-fair-trade-foods.html
B000305,Ranch Foods Direct,(866) 866-6328,http://ranchfoodsdirect.com/,
B000306,Raincoast Trading,604-585-2882,http://www.raincoasttrading.com/,http://www.raincoasttrading.com/raincoast-where-to-buy.html
B000307,Rain Crow Ranch,(866) 255-5002,http://www.raincrowranch.com,http://www.americangrassfedbeef.com/grass-fed-beef-map.asp
B000308,Radiant Life,(888) 593-8333,http://www.radiantlifecatalog.com/,
B000309,R.W. Knudsen,(888) 569-6993,http://www.rwknudsenfamily.com,http://www.rwknudsenfamily.com/locator
B000310,Quaker,(1800) 367-6287,http://www.quakeroats.com/products/hot-cereals/old-fashioned-oats.aspx,http://www.quakeroats.com/products/product-locator.aspx
B000311,Purity Farms,(877) 211-4819,http://www.purityfarms.com/,
B000312,Puritan's Pride,(800) 645-1030,http://www.puritan.com/,
B000313,Pure Planet,(562) 951-1124,http://www.pureplanet.com/,
B000314,Pure Indian Foods,(877) 588-4433,http://www.pureindianfoods.com/,http://www.pureindianfoods.com/store-list-a/268.htm
B000315,Purcell Mountain Farms,(208) 267-0627,http://www.purcellmountainfarms.com/,
B000316,Prunotto,+ 39 0173 441590,mprunotto.com,
B000317,ProNatura,(800) 555-7580,http://www.pronaturainc.com/,
B000318,Promised Land Dairy,(877) 671-2626,http://www.promisedlanddairy.com/,http://www.promisedlanddairy.com/retail.html
B000319,Prime Select,(888) 870-7292,http://www.pssifish.com/,
B000499,Matiz,,http://matizespana.com,http://www.culinarycollective.com/distributors.htm
B000321,Primal Island,(360) 632-5095,http://primalisland.com,http://primalisland.com/shop/retail-partners/
B000322,Premier Research Labs,(800) 325-7734,http://www.prlabs.com/,
B000323,Prather Ranch Meat Co.,,http://prmeatco.com/,http://prmeatco.com/locate-us/
B000324,Prairie Pride Farm,(866) 245-7675,www.prairiepridepork.com/,http://www.prairiepridepork.com/products/index.php?catid=4
B000325,Potter's,(608) 663-5005,http://www.potterscrackers.com/,http://www.potterscrackers.com/ca/locations/
B000326,Portlandia Foods,(503) 729-8257,http://portlandiafoods.com,http://portlandiafoods.com/locations/
B000327,Polyface Farm,(540) 885-3590,http://www.polyfacefarms.com/,
B000328,Polar Power (North American Herb and Spice),(800) 243-5242,http://www.northamericanherbandspice.com/,http://www.northamericanherbandspice.com/store-locator/
B000329,Point Reyes,(800) 591-6878,http://www.pointreyescheese.com,https://www.pointreyescheese.com/cheese-finder
B000330,Pocono,(315) 536-3311,http://thebirkettmills.com,
B000331,Pockets of the Future,,pocketsofthefuture.com,
B000332,Plummer's Sugar House,(802) 843-2207,http://www.plummerssugarhouse.com,
B000333,Pleasanton Brick Oven Bakery,(231) 941-1964,http://pleasantonbakery.com/,
B000334,Pleasant Pastures Organic Acres,(717) 768-3437,,
B000335,Pleasant Hill Grain,(1800) 321-1073,http://www.pleasanthillgrain.com/,
B000336,Pleasant Hill Farm,(269) 561-2850,http://www.pleasanthillblueberryfarm.com/,
B000337,Plantation,(732) 636-2060,http://www.alliedoldenglish.com/index.php/brands/plantation/plantation-organic-blackstrap-molasses.html,
B000338,Plain Jane's Foods,AR: deleted from database,http://plainjanesfoods.com/,
B000339,Plain Grain Co.,(248) 628-8646,http://www.carasmaternalconnections.com/id64.html,
B000340,PJ Ranch,(772) 283-1874,http://pjranchhoney.com/,http://pjranchhoney.com/index_files/contact.htm
B000341,Pinn-Oak Ridge Farms,(262) 728-9629,http://www.wisconsinlamb.com/,http://www.wisconsinlamb.com/locate-store.html
B000342,Pillar Rock,(206) 285-6800,http://www.oceanbeauty.com/our-brands-2/pillar-rock/,http://www.oceanbeauty.com/who-we-are/locations/
B000343,Pickled Planet,(541) 201-2689,pickledplanet.com,http://pickledplanet.com/buy-sauerkraut
B000344,Pickapeppa,(800) 335-7425,http://www.pickapeppa.com/,http://www.pickapeppa.com/about_pickapeppa.htm
B000345,Pete's Paleo,,http://petespaleo.com/,
B000346,Petaluma Poultry,(800) 556-6789,http://www.petalumapoultry.com/,http://www.petalumapoultry.com/wheretobuy.asp
B000347,Perrier,,http://www.perrier.com,
B000348,Pero,(973) 338-1499,http://internaturalfoods.com/brands/pero.html,
B000349,Perfect,(866) 802-3860,http://www.perfectsupplements.com,http://www.perfect-supplements.com/international.html
B000350,Pequea Valley Farm,(215) 275-3435,http://commonmarketphila.org/pequea-valley-farms/,http://commonmarketphila.org/intro/ourfood/where-to-find-our-food/
B000320,Primal Pacs,(206) 258-4335,primalpacs.com,
B000352,Penna Gourmet Foods,(530) 865-9810,http://greatolives.com,
B000353,Peeled Snacks,(212) 706-2001,http://www.peeledsnacks.com/,http://www.peeledsnacks.com/store/stores.html
B000354,Pecan Shop,(254) 307-9386,http://www.pecanshop.com/,http://www.pecanshop.com/Where-Buy_ep_41.html
B000351,Penzeys Spices,(800) 741-7787,http://www.penzeys.com/,http://www.penzeys.com/cgi-bin/penzeys/penzeysstores.html
B000356,Pavel's,(510) 352-1474,http://www.pavels.net/,http://pavels.net/locations/
B000357,PastureLand,(608) 438-2626,http://www.pastureland.coop/,
B000358,Pasture Verde,(877) 455-3063,http://www.vitalfarms.com/otherbrands_pastureverde.html,http://www.vitalfarms.com/map/
B000359,Pasture Prime Family Farm,(352) 266-9504,http://www.pastureprimewagyu.com/,
B000360,Pastene,(888) 727-8363,http://www.pastene.com/,http://www.pastene.com/google-pastene/index.php
B000361,Park's,,,
B000362,Paradise Pastures,(717) 687-8576,,
B000363,Pangaia,808-989-3457,http://pangaiapantree.com/,
B000364,Paleo Treats,619 - 403 - 5424,http://www.paleotreats.com/,https://maps.google.com/maps/u/0/ms?ie=UTF8&oe=UTF8&msa=0&msid=209740496804199791389.0004daf923a7b13e79750&dg=feature
B000365,Palacios Autentico,,,
B000366,PaiDom Meats,(806) 945-2473,www.paidom.com/,
B000367,Page River Bottom Farm,(559) 638-3124,http://www.pageriverbottomfarm.com/,http://www.pageriverbottomfarm.com/find-us.html
B000368,P.A. Tropical Products,(718) 763-5888,,
B000369,P. A. Bowen Farmstead,(301) 579-2727,pabowenfarmstead.com,http://pabowenfarmstead.com/farm-store/
B000370,Oyler's Organic Farms,(717) 677-8411,http://www.oylersorganicfarms.com/,http://www.oylersorganicfarms.com/obtaining-our-products#
B000371,Otolith Sustainable Seafood,(215) 426-4266,www.otolithonline.com,
B000372,Oswald Cattle Company,(719) 942-4361,http://www.oswaldgrassfedbeef.com,
B000373,Oskri,(920) 648-8300,http://www.oskri.com/,
B000374,Oscar Mayer Selects,(877) 535-5666,http://www.kraftbrands.com/oscarmayer/,http://productlocator.kraftfoods.com/kraftfoods/productlocator.htm
B000375,Ortega,,http://www.ortega.com/,http://www.ortega.com/wheretobuy/
B000376,Orleans Coffee Exchange,(504) 827-0878,www.orleanscoffee.com,
B000377,Original Living Coconut,(800) 906-3064,http://originallivingcoconut.com,
B000378,original himalayan crystal salt,(888) 668-3661,http://www.himalayancrystalsalt.com/,
B000379,Organicville,,http://organicvillefoods.com,http://organicvillefoods.com/store/
B000380,Organic Wine Company,(888) 326-9463,http://www.theorganicwinecompany.com/,http://www.advantagehealthmatters.com/en/FindProductStore.aspx
B000381,Organic Valley,(888) 444-6455,http://www.organicvalley.coop/,http://www.organicvalley.coop/store-locator/
B000382,Organic Traditions,1 888 343-3278,http://healthmattersamerica.com/Category/92-organic-traditions.aspx,
B000383,Organic Prairie,(877) 662-6328,http://www.organicprairie.com,http://apps.organicprairie.coop/retailstores/search
B000384,Organic Pastures,(877) 729-6455,http://www.organicpastures.com/,http://www.organicpastures.com/shop.html
B000385,Organic Cultures,(231) 360-7043,http://www.organic-cultures.com,http://www.organic-cultures.com/milk_kefir_grains/where_to_buy_kefir_grains_
B000386,Oregon's Choice,(877) 289-8862,www.oregonschoice.com,
B000387,Orchard Hill Breadworks,(603) 835-7845,http://orchardhillbreadworks.com,http://orchardhillbreadworks.com/Buy_Bread.html
B000388,Orca Bay Seafoods,(800) 932-6722,www.orcabayseafoods.com,http://www.orcabayseafoods.com/store-locator
B000389,Optimally Organic,(888) 211-4263,http://www.optimallyorganic.net/,
B000390,One Degree Organic Foods,(855) 834-2642,http://onedegreeorganics.com/,http://onedegreeorganics.com/locations
B000391,Once Again,(888) 800-8075,https://www.onceagainnutbutter.com,http://www.onceagainnutbutter.com/retail-store-locator
B000392,Omega Nutrition,(800) 661-3529,http://www.omeganutrition.com/,
B000393,Olli Salumeria,(877) 655-4937,www.olli.com,https://www.olli.com/where-to-buy/
B000394,Oliver Farms,(810) 793-7289,http://www.oliverfarms.com/,http://www.oliverfarms.com/distributors.html
B000395,Olio Beato,(888) 421-6546,http://www.organicoil.com/,
B000396,OliFlix,(855) 654-3549,http://oliflixus.com/,http://oliflixus.com/find-oliflix
B000397,Olea Estates,(636) 405-1960,http://www.oleaestates.com/,
B000355,Peaceful Pastures,(615) 683-4291,http://www.peacefulpastures.com/,
B000399,Okonatur,786-260-1643,http://www.organicsoverseas.com/,
B000400,Ojio,(800) 728-2066,http://myojio.com/,http://ultimatesuperfoods.com/retail-locator
B000401,Ohsawa,(800) 475-3663,goldminenaturalfoods.com,
B000402,Officer,,,
B000403,Oasis at Bird-in-Hand,(717) 288-2154,http://www.reallivefood.org,http://www.reallivefood.org/retail-store.asp
B000404,Oaklyn Plantation,(843) 395-0793,http://www.freerangechicken.com/,
B000405,O Bread Bakery,(802) 985-8771,http://www.obread.com/,http://www.obread.com/where-to-find-our-products/local-delivery-schedule/
B000406,Núñez de Prado,,,
B000407,NuttZo,(888) 325-0553,https://gonuttzo.com,http://gonuttzo.com/store-locator/
B000408,Nuts.com,(800) 558-6887,nuts.com,
B000409,Nutiva,(800) 993-4367,http://nutiva.com/,http://nutiva.com/store-locator/
B000410,Numi Organic Tea,(888) 404-6864,http://numitea.com/contact/,http://numitea.com/store-locator/
B000411,Number 1 Sons,(202) 570-4453,http://number1sons.com,http://number1sons.com/?page_id=28
B000412,Nueske's,(800) 392-2266,www.nueskes.com,https://www.nueskes.com/order/wittenberg.aspx#.UyP-CM5pd6Q
B000413,NSI,(800) 669-8877,http://nutraceutical.com/,http://www.nutraceutical.com/find-a-retailer/
B000414,NOW Foods,(888) 669-3663,http://www.nowfoods.com/,http://www.nowfoods.com/StoreFinder/
B000415,Northstar Bison,(888) 295-6332,http://www.northstarbison.com/,http://www.northstarbison.com/community/store-locator
B000416,Northeast Family Farms,(800) 777-2648,http://www.northeastfamilyfarms.com/,
B000417,NoniLand,(805) 870-5756,http://www.longevitywarehouse.com/,
B000418,Noirmoutier,,http://www.atthemeadow.com/shop/,
B000419,NoGii,(800) 447-4795,http://www.nogii.com,http://www.nogii.com/locator.html
B000420,Nittany Valley Organics,(570) 726-7799,,
B000421,Niman Ranch,,http://www.nimanranch.com/Index.aspx,http://store.nimanranch.com/
B000422,Nikki's Coconut Butter,,http://www.nikkiscoconutbutter.com/,
B000423,Nick's Sticks,(319) 442-3244,http://www.nicks-sticks.com,
B000424,Nick's Natural Nook,,http://stores.ebay.com/Nicks-Natural-Nook,
B000425,Ney's Big Sky,(414) 254-2664,http://www.neysbigsky.com/,http://www.neysbigsky.com/farmers-markets.php
B000426,New England Cheesemaking Supply,(413) 628-3808,http://www.cheesemaking.com/,http://www.cheesemaking.com/ProductsLocally.html
B000427,New Earth,(512) 354-1140,http://www.newearthcenter.com,
B000428,Nevermore Farm,(530) 574-3597,http://www.nevermorefarm.com/,
B000429,Neese's,(800) 632-1010,http://www.neesesausage.com,
B000430,Navitas Naturals,(888) 645-4282,http://navitasnaturals.com/,http://navitasnaturals.com/locations.html
B000431,Naturespirit Herbs,(541) 846-7995,http://www.naturespiritherbs.com,
B000432,Nature's Way,(800) 962-8873,http://www.naturesway.com/Home.aspx,
B000433,Nature's Sunlight Farm,(717) 776-3417,,
B000434,Nature's Flavors,(714) 744-3700,www.naturesflavors.com,
B000435,Nature's Cargo,(888) 725-8386,www.naturescargo.ca,
B000436,Nature's Blessings,(626) 935-0770,http://www.naturesblessings.com.ph/,
B000437,Nature's Approved,(914) 428-6800,www.naturesapproved.com,
B000438,Nature's Answer,(1800) 439-2324,http://www.naturesanswer.com/,http://www.naturesanswer.com/stores.aspx
B000439,Nature's All Foods,,http://www.naturesallfoods.com/,
B000440,Nature Factor,(805) 684-8500,http://www.edwardandsons.com/nfact_shop_coconutwater.itml,http://www.edwardandsons.com/findStore.itml
B000441,Natural Zing,(301) 703-4116,www.naturalzing.com,
B000442,Natural Value,(916) 427-7242,http://www.naturalvalue.com/,http://www.naturalvalue.com/where-to-buy/
B000671,Happy Girl Kitchen Co.,(831) 373-4475,http://happygirlkitchen.com/,http://happygirlkitchen.com/pages/find-us
B000444,Natural Sea,,http://naturalsea.com/,
B000445,Natural Rush,,,
B000446,Natural Lifestyle,(800) 752-2775,http://natural-lifestyle.com/,
B000447,Natural Health Advocates,(888) 257-8775,http://www.building-health.com,
B000448,Natural Choice,949-655-0080,,
B000449,Natural by Nature,(610) 268-6962,http://www.natural-by-nature.com/,http://www.natural-by-nature.com/contactus.htm
B000450,Natren,(866) 462-8736,http://www.natren.com,http://store.natren.com/StoreLocator/StoreLocatorClient.aspx
B000451,Native Forest (Edward and Son's),(805) 684-8500,http://www.edwardandsons.com,http://www.edwardandsons.com/findStore.itml
B000452,Nate's Raw Harvest,(214) 546-2023,https://natesrawharvest.com,https://natesrawharvest.com/retailers
B000453,Nash Brothers Trading Company,(800) 433-2004,http://www.nashbrotherstrading.com/,http://www.nashbrotherstrading.com/about-us/where-we-are
B000454,Narvon Natural Acres,(717) 768-3263,,
B000455,Napa Valley Naturals,(866) 972-6879,http://www.napavalleynaturals.com/,
B000456,Nana's Cocina (Abuelita Mexican Foods),(703) 369-0232,http://www.abuelita.com,
B000457,MW Polar Foods,(888) 496-9187,http://www.mwpolar.com/salmon.html,
B000458,Mumm's Sprouting Seeds,(306) 747-2935,sprouting.com,
B000459,Mt. Sterling,(866) 289-4628,http://buymtsterlinggoatcheese.com/,
B000460,Mrs. Nisley's,(330) 893-2734,http://berlinnaturalbakery.com/,
B000461,Mrs Leeper's,,http://mrsleepers.com,
B000462,Mountain View Dairy,(315) 858-0536,,
B000463,Mountain Rose Herbs,(800) 879-3337,http://www.mountainroseherbs.com/,
B000464,Mother Linda's,,www.motherlindas.com,
B000465,Mosefund Farm,(253) 833-7591,http://woolypigs.com/,
B000466,Morton & Bassett Spices,(866) 972-6879,http://www.mortonbassett.com/,
B000467,Morse's,(866) 832-5569,http://www.morsessauerkraut.com,
B000468,More Than Gourmet,(800) 860-9385,http://www.morethangourmet.com,
B000469,Moonwise Herbs,(920) 452-4372,http://www.moonwiseherbs.com,
B000470,Mitoku,(800) 324-1878,http://www.mitoku.com/,http://www.mitoku.com/distributors/index.html
B000471,Misty Creek Goat Dairy,(717) 656-4628,,
B000472,Miso Master,(800) 334-5809,great-eastern-sun.com,
B000473,Mint Creek Farm,(815) 256-2202,http://mintcreekfarm.com/,http://mintcreekfarm.com/about/where-to-buy/stores-and-delivery-services/
B000398,Old Chatham,(1888) 743-3760,http://www.blacksheepcheese.com/,http://www.blacksheepcheese.com/retailers-featuring-our-cheese/
B000475,Minerva Dairy,(330) 868-4196,www.minervadairy.com/,
B000476,Miller's Organic Farm,(717) 556-0672,http://millersorganicfarm.com/,
B000477,Mill-King Market & Creamery,(254) 486-8999,www.mill-king.com,http://www.mill-king.com/find-us.html
B000478,Mighty Leaf Tea Company,(877) 698-5323,http://www.mightyleaf.com/,https://www.mightyleaf.com/index.cfm/fuseaction/storeLocation.searchForm
B000479,Middle Earth,,,
B000753,Finger Lakes Dexter Creamery,(315) 364-3581,www.kefircheese.com,http://www.kefircheese.com/buyingcheese.html
B000481,Mestiza,(480) 639-0652,http://www.mestizacocosugar.com,
B000482,Mercola,(877) 985-2695,http://www.mercola.com/,
B000483,Merchants & Millers,(707) 799-2888,http://merchantsandmillers.com/,
B000484,Megumi,(707) 827-1788,http://www.meguminatto.com/,http://www.meguminatto.com/storelocator.html
B000485,Mediterranean Organic,,http://www.mediterraneanorganic.com/,http://www.mediterraneanorganic.com/storelocator.aspx
B000486,MeatWorks Butchery & Market,(479) 394-2900,http://meatworksbutchery.com,http://meatworksbutchery.com/where-to-buy
B000487,Meadowview Jerseys,(717) 656-2261,,
B000488,Meadow Ridge Farm,(717) 530-5999,,
B000489,Meadow Raised,(315) 829-5437,http://www.meadowraisedmeats.com/,
B000490,Meadow Made Farm,(330) 674-1289,,
B000491,Meadow Creek Dairy,(888) 236-0622,http://www.meadowcreekdairy.com,http://www.meadowcreekdairy.com/retail-locations/
B000492,McIlhenny Co. Tabasco,(800) 634-9599,http://www.tabasco.com,http://www.tabasco.com/site-tools/product-locator/
B000493,McEvoy Ranch,(866) 617-6779,http://www.mcevoyranch.com/,http://www.mcevoyranch.com/stores/pages/view/
B000494,McCormick Gourmet Collection,(800) 632-5847,http://www.mccormickgourmet.com/,
B000495,McCann's,(866) 958-6287,http://www.mccanns.ie/,http://www.mccanns.ie/wheretobuy.html
B000496,Mauk Family Farm,(714) 547-7977,maukfamilyfarms.com,
B000497,Matyah's,(866) 634-3336,http://www.matyah.com/,
B000498,Matt's Munchies,(888) 718-1860,http://www.chefrobertsdirect.com/,http://www.chefrobertsdirect.com/find-stores
B000443,Natural Valley,(319) 656-4220,http://www.kalonaorganics.com/our_nvcheese.html,http://www.kalonaorganics.com/stores.html
B000500,Massa Organics,(530) 519-8628,http://www.massaorganics.com/,http://massaorganics.com/farmers-markets/
B000501,Mascavo,(800) 656-3668,http://www.matefactor.com,
B000502,Mary's Gone Crackers,(888) 258-1250,http://www.marysgonecrackers.com/,http://www.marysgonecrackers.com/store-locator
B000503,Mary's,(888) 666-8244,http://www.marysturkeys.com,http://www.marysturkeys.com/store.html
B000504,Mary Jane's Farm,(888) 750-6004,http://www.maryjanesfarm.org,
B000505,Marx Foods,(866) 588-6279,http://www.marxfoods.com/,
B000506,Marshall's Farm Natural Honey,(800) 624-4637,www.marshallshoney.com,http://www.marshallshoney.com/t-stores.aspx
B000507,Marky's,(800) 522-8427,http://www.markys.com,
B000508,Market Pantry,(800) 440-0680,http://www.target.com/c/market-pantry-brand-shop/-/N-5d90z,http://www.target.com/store-locator/search-results?address=Enter+City+and+State+or+ZIP+Code&x=130&y=10&mapWidth=740&mapHeight=430
B000509,Marinella,(732) 364-1724,http://www.sanmarzanoimports.com/,
B000510,Marilyn Jarzembski,(419) 237-3095,http://www.kefirlady.com,
B000511,MaraNatha,1-800-434-4246,http://www.maranathafoods.com/,http://consumer.maranathafoods.com/store-locator/index.html
B000512,Maple Valley,(800) 760-1449,http://www.maplevalleysyrup.coop,http://www.maplevalleysyrup.com/WhereToBuy.html
B000513,Maple Syrup Producers' Cooperative,(819) 362-3241,http://www.citadelle-camp.coop/maple-syrup/index.aspx,http://boutique.mapledelights.com/maple-syrup/bistros/bistros-location.aspx
B000514,Maple Hill Farm,(800) 543-5379,http://maplehillfarms.biz,
B000515,Maple Hill Creamery,(518) 758-7777,http://www.maplehillcreamery.com,http://www.maplehillcreamery.com/find.html
B000516,Many Hands Organic Farm,(978) 355-2853,http://mhof.net,
B000517,Manna Organics,(630) 795-0500,http://www.mannaorganicbakery.com/,
B000518,Maldon,,http://www.maldonsalt.co.uk/,http://www.maldonsalt.co.uk/Products-Where-to-buy.php
B000519,Maine Seaweed Company,(207) 546-2875,http://www.theseaweedman.com/,
B000520,Maine Coast Sea Vegetables,(207) 565-2907,www.seaveg.com,
B000521,Mae Ploy,,,
B000522,Madhava,(800) 530-2900,http://www.madhavasweeteners.com/,http://www.madhavasweeteners.com/where-to-buy/
B000523,Made In Nature,(800) 906-7426,http://www.madeinnature.com,http://www.madeinnature.com/where-to-buy/
B000474,Minsley,(909) 458-1100,http://www.minsley.com,http://www.minsley.com/whereToBuy.php
B000480,Mi Rancho Tortilla Factory,(707) 584-8385,http://www.miranchoretail.com/,http://www.mirancho.com/store-locator/
B000526,Lundberg Family Farms,(530) 538-3500,http://www.lundberg.com/,http://www.lundberg.com/Info/Store_Locator.aspx
B000527,Lummi Island Wild Co-op,,http://www.lummiislandwild.com/,http://www.lummiislandwild.com/seafoodbuyingclubs.cfm#map
B000528,Lucini Italia,(800) 509-8491,http://www.lucini.com/,http://www.lucini.com/shop/store-locator
B000529,LoveTree Farmstead,(715) 488-2966,http://www.lovetreefarmstead.com,
B000530,Love Raw Foods - Blue Mountain Organics,(540) 745-5040,http://bluemountainorganics.com/loverawfoods/,
B000531,Louise's,,louisesfoods.com,
B000532,Lou's Garrett Valley Naturals,(877) 467-2331,http://lousnaturals.com/,http://lousnaturals.com/whole-foods-markets-store-locator
B000533,Lou's Famous,(877) 467-2331,www.lousnaturals.com,http://www.lousnaturals.com/whole-foods-markets-store-locator
B000534,Lotus Foods,(866) 972-6879,http://www.lotusfoods.com/,
B000535,Los Pericos,(909) 623-5625,http://www.lospericosfood.com/lp_products.html,
B000536,Loriva,(973) 338-1499,http://internaturalfoods.com/brands/loriva-culinary-oils.html,
B000537,Longhorns Head To Tail,(740) 758-5050,www.head2tail.com,
B000538,Loki Fish Co.,(206) 937-1048,www.lokifish.com,http://www.lokifish.com/product-markets.html
B000539,Local Pastures,(484) 326-9956,http://www.localpastures.com,http://www.localpastures.com/where-to-buy.htm
B000540,Living Tree Community Foods,(800) 260-5534,www.livingtreecommunity.com,
B000541,Living Nutz,(207) 780-1101,www.livingnutz.com,
B000542,Living Intentions,(415) 824-5483,www.livingintentions.com,
B000543,Living Honey,(801) 368-3870,http://www.livinghoney.biz/honey-store.html,http://www.livinghoney.biz/contact-us.html
B000544,Livin' Spoonful,(503) 230-8484,livinspoonful.com,
B000545,Live Superfoods,(800) 481-5074,livesuperfoods.com,
B000546,Lima,,http://www.limafood.com/,
B000547,Lily's,,https://www.facebook.com/pages/Lilys-Eggs/96837611329,
B000548,Lil' Ponderosa Enterprises,(717) 245-2820,www.lilponderosabeef.com,
B000549,Lifeway,(877) 281-3874,http://www.lifeway.net/,http://lifeway.net/Store/StoreLocator.aspx
B000550,Life-Enhancing Acres,(717) 768-7848,,
B000551,Liberty Ducks,(800) 953-8257,www.libertyducks.com,
B000552,Libby's Meats,(877) 266-2472,http://www.conagrafoods.com/our-food/brands/libbys-canned-meats,http://www.conagrafoods.com/our-food/brands/where-to-buy
B000553,Lewes Dairy,(302) 645-6281,www.lewesdairy.com,http://www.lewesdairy.com/contact.php
B000554,Let's Do...Organic,(805) 684-8500,http://www.edwardandsons.com,
B000555,Let's be Frank,(888) 233-7365,www.letsbefrankdogs.com,http://www.letsbefrankdogs.com/locations_overview.php
B000524,Lydia's Organics,(707) 792-5300,http://www.lydiasorganics.com,http://www.lydiasorganics.com/where-to-buy.html
B000557,Les Moulins Mahjoub,,,
B000525,Lupa's Kitchen,(470) 375-4654,http://lupaskitchen.com/,http://lupaskitchen.com/Stores.html
B000559,Leelanau,(231) 929-7471,http://www.artmeetsearth.org/LCV/products.html,
B000560,Le Pain Quotidien,(212) 359-9000,http://www.lepainquotidien.us/,http://www.lepainquotidien.com/finder/locations/#.Uwi4Yc6PpFg
B000561,Laurel Valley Creamery,,http://laurelvalleycreamery.com/site/,http://laurelvalleycreamery.com/site/#/find-our-cheese/retail-locations/
B000562,Laurel Valley Creamery,(740) 245-9044,http://laurelvalleycreamery.com/site/#/home/,http://laurelvalleycreamery.com/site/#/find-our-cheese/retail-locations/
B000563,Lasater Grasslands Beef,(866) 454-2333,www.lgbeef.com,http://www.lgbeef.com/retail-stores
B000564,Larga Vista Ranch,(719) 947-0982,www.largavistaranch.com/_,http://www.largavistaranch.com/contact-larga-vista-ranch.php
B000565,Larabar,(877) 527-2227,www.larabar.com,
B000566,Lamb Shoppe,(320) 587-6094,http://lambshoppe.com/,
B000567,Lakewood Organic Juices,(866) 324-5900,http://www.lakewoodjuices.com/,http://www.lakewoodjuices.com/store_locator
B000568,La Vigne Organics,(760) 723-9997,www.lavignefruits.com,
B000569,La Rocca Vineyards,(800) 808-9463,www.laroccavineyards.com,
B000570,La Quercia,(515) 981-1625,laquercia.us,http://laquercia.us/locator_stores
B000571,La Cense Beef,(866) 442-2333,www.lacensebeef.com,
B000572,Kristens,(402) 374-1546,http://www.kristyskitchen.com/,http://kristensglutenfreefood.com/shop-in-stores/
B000556,Les Trois Petits Cochons,(1800) 537-7283,www.3pigs.com/_,http://3pigs.com/contact-us/where-to-buy
B000574,Koyo,,http://www.koyonaturalfoods.com/,http://www.koyonaturalfoods.com/storelocator.aspx
B000575,Kombucha Kamp,(424) 245-5867,http://www.kombuchakamp.com/,
B000576,KOL Foods,(888) 366-3565,www.kolfoods.com,
B000577,Klamath Blue-Green,,,
B000578,Kirkland,,,
B000579,King's,,www.kingsasian.com,http://www.kingsasian.com/shopByState.html
B000580,King Oscar,,www.kingoscar.com/,http://www.kingoscar.com/usa-product-locator
B000581,King Arthur,(800) 827-6836,http://www.kingarthurflour.com,http://www.kingarthurflour.com/wheretobuy/
B000582,Kickapoo Gold,(866) 290-8280,http://kickapoogold.net/,http://kickapoogold.net/shop_locally.html
B000583,KeVita,(888) 310-6106,kevita.com/,http://kevita.com/store-locator/
B000584,Keswick Creamery,(717) 440-4652,keswickcreamery.com,http://keswickcreamery.com/Stores_and_Retailers.html
B000585,Kerrygold,,kerrygoldusa.com,http://kerrygoldusa.com/where-to-buy/
B000586,Kenny's Farmhouse Cheese,(888) 571-4029,http://www.kennyscountrycheese.com/,http://www.kennyscountrycheese.com/location.htm
B000587,Kelapo,(800) 230-5952,www.kelapo.com,http://www.kelapo.com/contact/#storelocator
B000588,Kavli,,http://www.kavli.com/en/companies/international/Pages/Products.aspx,http://www.kavli.com/EN/COMPANIES/Pages/COMPANIES.aspx
B000558,LeRaysville,(1800) 859-5196,www.leraysvillecheese.com,
B000590,Kasandrinos,(888) 316-1716,www.kasandrinos.com,
B000591,Kamut Brand,(406) 251-9418,http://www.kamut.com/,http://www.kamut.com/en/product-grain-sources.html
B000592,Kame,,http://www.kame.com/,http://www.kame.com/where-buy
B000593,Kalona SuperNatural,(319) 656-4220,www.kalonasupernatural.com,http://www.kalonasupernatural.com/store-locations/
B000594,Kahiltna Birchworks,(800) 380-7457,www.alaskabirchsyrup.com/_,
B000595,Justin's,(303) 449-9559,http://www.justins.com/,http://www.justins.com/shop.php
B000573,Krinos,,http://www.krinos.com,
B000597,Jungle Products,,http://www.junglepi.com,http://internaturalfoods.com/store.html
B000598,Julie's,,http://www.juliesorganic.com/,http://www.juliesorganic.com/find/
B000599,Julian Bakery,(800) 982-7323,www.julianbakery.com,http://www.julianbakery.com/locator/
B000600,Juanita's Foods,(800) 303-2965,http://www.juanitasfoods.com,http://www.juanitasfoods.com/where-to-buy/
B000601,Joyva,(718) 497-0170,http://www.joyva.com/,
B000602,Jovial,(877) 642-0644,www.jovialfoods.com,http://www.jovialfoods.com/jovial-store-locator.html
B000603,JoshEWEa's Garden,(262) 468-4400,www.josheweasgarden.com,http://josheweasgarden.com/?page_id=10
B000604,Jones Creek,,http://www.jonescreekbeef.com/,http://www.jonescreekbeef.com/locator.html
B000589,Katalyst Kombucha,(413) 773-9700,www.katalystkombucha.com,http://www.katalystkombucha.com/where_to_buy_kombucha.html
B000606,Jeremiah Cunningham's World's Best,(512) 285-2556,coyotecreekfarm.org,http://coyotecreekfarm.org/eggs/egg-stores/
B000607,Jennies,(718) 384-2150,http://www.macaroonking.com/,
B000608,JEM,(541) 728-3844,http://www.jemraw.com,http://www.jemraw.com/where-to-buy/
B000609,"Jedwards International, Inc.",(617) 472-9300,http://www.bulknaturaloils.com,
B001023,Karis Naturals,(714) 522-0700,http://www.karisnaturals.com,
B000611,Jarrow Formulas,(310) 204-6936,http://www.jarrow.com/,http://www.jarrow.com/map
B000596,"Just Tomatoes, Etc.",(800) 537-1985,www.justtomatoes.com,http://www.justtomatoes.com/jtstore/pc/storefinder.asp
B000613,James Ranch,(970) 799-0782,http://jamesranch.net/cheese,http://jamesranch.net/find_us/
B000614,Jaffe Bros.,(877) 975-2333,organicfruitsandnuts.com,
B000615,Jacob's Raw,(610) 286-3077,http://jacobsraw.com,
B000616,Jackson's Honest Chips,(303) 619-8056,http://www.honestchips.com/,http://www.honestchips.com/where-to-buy
B000617,Jack's Nut Butters,(510) 586-4697,http://jacksnutbutters.businesscatalyst.com/index.html,
B000618,Izumi,,,
B000619,It's Alive!,(503) 230-0215,www.itsalivefood.com,http://www.itsalivefood.com/where.htm
B000620,Island Trollers,(877) 253-2761,www.islandtrollers.com,
B000605,Jewels of the Earth,(603) 475-5095,http://www.willnroses.com/,
B000622,Iroquois White Corn Project,(585) 742-1361,http://iroquoiswhitecorn.org,http://www.ganondagan.org/Visit/General-Information
B000623,"International Harvest, Inc.",(800) 277-4268,http://internationalharvest.com/,
B000610,Jasper Hill Farm,(802) 533-2566,www.cellarsatjasperhill.com,
B000625,Improv'eat,(800) 787-3516,www.improveat.com,
B000626,Immunitrition,(877) 773-9229,http://www.culturedvegetables.net/main.sc,
B000612,Jana Valley,(201) 866-5001,http://janafoods.com,http://janafoods.com/products.php
B000628,Hénaff,,henaff.com,
B000629,Hy-Vee Health Market,(515) 267-2800,http://www.hy-vee.com/,http://www.hy-vee.com/stores/
B000630,Hutchinson Family Ranch,(402) 273-4574,,
B000631,Hoskins Berry Farm,(541) 929-4376,http://hoskinsberryfarm.com/,
B000632,Hormel,(1800) 523-4635,http://www.hormel.com/,http://www.hormel.com/Locator.aspx
B000633,Honeysuckle Acres,(717) 423-6429,,
B000634,Honey Tea Thyme,,http://www.honeyteathyme.com/,
B000635,Honey Pacifica,(562) 938-9706,www.honeypacifica.com/,http://www.honeypacifica.com/pages/where-to-buy.html
B000636,Honey in the Rough,,,
B000637,Honey Gardens,(802) 877-6766,http://www.honeygardens.com/,http://www.honeygardens.com/store-locator
B000638,Honest Body,(802) 388-2448,http://www.honestbody.com/,http://shop.honestbody.com/
B000639,Honest Ade,(800) 865-4736,http://www.honesttea.com/,http://www.honesttea.com/community/find/
B000640,Homesteader's Supply,(928) 583-0254,www.homesteadersupply.com,
B000621,Isigny Ste Mere,(1800) 522-8427,www.markys.com,
B000642,Homestead Creamery,(540) 721-2045,,
B000643,Hol-Grain,(800) 551-3245,http://conradricemill.com/,http://conradricemill.com/retail.asp
B000644,Hilltop Meadow Farm,(570) 345-3305,,
B000624,Inka Crops,(916) 723-1450,http://www.inkacrops.com/por-categoria/8,http://www.inkacrops.com/contactenos/
B000646,Higher Power,(877) 684-8763,http://www.higherpower.biz/,
B000647,High Wire Ranch,(970) 835-7600,www.highwireranch.com,
B000648,High Sierra,530.635.0183,http://highsierrabeef.com/,
B000649,High Country Kombucha,(970) 328-1827,www.hckombu.com,
B000650,High Brix Nutrient Dense Foods,(818) 935-9937,http://highnutritionfood.com/,
B000651,Hidden Springs Creamery,(608) 606-3840,http://hiddenspringscreamery.com,
B000652,Hidden Pond Farm,(765) 960-5092,www.hiddenpondllc.com,http://hiddenpondllc.com/staff
B000627,I Love Blue Sea,(415) 300-0940,www.ilovebluesea.com,
B000654,Heritage Foods USA,(718) 389-0985,www.heritagefoodsusa.com,
B000655,Henry & Lisa's,(603) 834-6034,http://www.ecofish.com/,http://www.ecofish.com/findus/findus_form.htm
B000656,Hendricks Farms & Dairy,(267) 382-0556,www.hendricksfarmsanddairy.com,
B000657,Heavenly Organics,(866) 923-2184 (number not working),www.heavenlyorganics.com,http://www.heavenlyorganics.com/store.aspx
B000658,Heavenly Honey Farm,(253) 232-6483,http://heavenlyhoneyfarm.com/,
B000659,Hearst Ranch,(866) 547-2624,www.hearstranch.com,http://www.hearstranch.com/grass-fed-beef/where-to-buy/
B000660,Health-Ade,(424) 888-3054,http://health-ade.com,http://health-ade.com/#where-to-buy
B000661,Health Valley,(1866) 595-8917,http://www.healthvalley.com/,http://www.healthvalley.com/storelocator/index.php
B000662,Healing Spirits Herb Farm,(607) 566-2701,www.healingspiritsherbfarm.com,
B000663,Hawthorne Valley Farm,(518) 672-7500,http://hawthornevalleyfarm.org/,http://hawthornevalleyfarm.org/where-to-buy/
B000664,Hatcher Family Dairy,(615) 368-3405,http://www.hatcherfamilydairy.studio202.net/,http://www.hatcherfamilydairy.studio202.net/WheretoBuy.aspx
B000665,Harvest Eating,(864) 492-1499,http://www.harvesteating.com/,
B000666,Harvest Bay,(866) 646-4266,www.harvest-bay.com,http://www.harvest-bay.com/Pages/StoreLocator.aspx
B000667,Hartzler Family Dairy,(330) 345-8190,www.hartzlerfamilydairy.com/_,http://www.hartzlerfamilydairy.com/oh-hormone-free-milk/store-locations
B000641,Homestead Natural Foods,(208) 880-8923,http://homesteadnatural.com/,http://homesteadnatural.com/natural-food-resources
B000669,Hardwick Beef,(413) 477-6500,http://www.hardwickbeef.com/,http://www.hardwickbeef.com/stores.html
B000670,Happy Herbalist,(888) 425-8827,www.happyherbalist.com,
B000645,Highland Sugarworks,(800) 452-4012,http://highlandsugarworks.com/home/,http://highlandsugarworks.com/home?page_id=10
B000672,Handy Pantry Sprouting,(1866) 948-4727,http://www.handypantry.com/,
B000673,HalleluYah Honey,(775) 267-1451,http://www.halleluyahhoney.com/en/,http://www.halleluyahhoney.com/en/
B000674,Hain,(1866) 595-8917,http://www.hainpurefoods.com/,http://www.hainpurefoods.com/store_locator/index.php
B000675,Hail Merry,(877) 455-4046,http://www.hailmerry.com/,http://www.hailmerry.com/ustorelocator/location/map
B000676,GT's,(877) 735-8423,http://www.synergydrinks.com/,http://synergydrinks.com/index.php/locate/
B000677,Grow and Behold Foods,(888) 790-5781,http://growandbehold.com,https://www.growandbehold.com/index.php?page=Retail_Locations
B000678,Grindstone Bakery,(707) 515-6666,www.grindstonebakery.com,
B000679,Grimaud Farms,(800) 466-9955,http://www.grimaudfarms.com,http://www.grimaudfarms.com/purchase.htm#retail
B000680,Green Pasture,(402) 858-4818,http://www.greenpasture.org,
B000681,Green Hills Harvest,(660) 244-5858,,
B000682,Green Hills Farm,(717) 786-8093,,
B000683,Green Acres Farm,(717) 768-3504,,
B000684,Greater Goods,(520) 792-0804,http://www.shoporganic.com/,
B000685,Great Lakes Brewing Company,(216) 771-4404,www.greatlakesbrewing.com,
B000686,Great Lakes,(800) 232-0328,http://www.greatlakesgelatin.com/consumer/index.php,
B000687,Great Hill Blue,(888) 748-2208,www.greathillblue.com,
B000688,Great Eastern Sun,(800) 334-5809,great-eastern-sun.com,
B000689,Grazin' Acres,(608) 727-2904,,
B000653,Heritage Grain Conservancy,,http://growseed.org/,
B000691,Grassy Way Organics,(608) 753-2399,,
B000668,Harmless Harvest,,http://www.harmlessharvest.com/,http://harmlessharvest.com/find-us
B000693,Grassfields LLC,(616) 997-8251,www.grassfieldscheese.com,http://www.grassfieldscheese.com/retail_stores.html
B000694,Grass Run Farms,(563) 277-0052,www.grassrunfarms.com,http://www.grassrunfarms.com/about/where
B000695,Grass Point Farms,(888) 299-8553,,
B000696,Grandma Utz's,(888) 744-7889,http://www.utzsnacks.com,
B000697,Grainfields,(718) 788-8783,http://www.grainfieldsus.com/,
B000698,Grainfields,(888) 539-9781,http://www.grainfieldsaustralia.com/US/index.shtml,
B000690,Grateful Harvest,(856) 241-9090,www.gratefulharvest.com,http://www.gratefulharvest.com/SiteSearch.aspx?searchtext=zip%20code
B000700,Goya,(508) 949-6100,www.goya.com,http://www.goya.com/english/about/contact_us.html
B000701,Gourmet Grassfed,(920) 229-9359,gourmetgrassfedmeat.com,
B000702,Gopal's,(866) 646-7257,http://gopalshealthfoods.com/,
B000703,Good's Chips,(610) 367-2253,http://www.goodschips.com/,
B000692,GrassRoots Meats,(800) 681-2260,grassrootsmeats.com,
B000705,Good Earth Farms,(888) 941-4343,www.goodearthfarms.com,
B000706,Golden Valley,(888) 270-7147,http://goldenvalleynatural.com/,
B000707,Golden Prairie Oats,(970) 897-2505,http://www.goldenprairieoats.com/,http://goldenprairieinc.com/organic-millet-retailers.html
B000708,Gold Mine,(800) 475-3663,http://www.goldminenaturalfoods.com,
B000699,Grafton Village Cheese,(800) 472-3866,www.graftonvillagecheese.com,http://www.graftonvillagecheese.com/our-story/visit-us
B000710,Go Raw Real Live Food,(650) 962-9299,http://www.goraw.com,http://www.goraw.com/StoreLocator
B000711,Gluten-Free Sourdough Co.,(508) 733-5399,www.glutenfreesourdough.com,
B000712,GloryBee Foods,(800) 456-7923,http://www.glorybee.com,
B000713,Glengarry Cheesemaking and Dairy Supply Ltd.,(888) 816-0903,glengarrycheesemaking.on.ca,
B000714,Glendale Farm,,https://www.facebook.com/pages/Glendale-Farm-Organic-Grape-Juice/196680167074165,
B000715,Glaser Organic Farms,(305) 238-7747,www.glaserorganicfarms.com,
B000716,Giving Nature,(215) 794-5903,www.givingnaturefoods.com,
B000717,GimMe,,http://www.gimmehealth.com,
B000718,"Gifts of Nature, Inc.",(888) 275-0003,http://giftsofnaturethestore.com,
B000719,GF Harvest,(888) 941-9922,http://glutenfreeoats.com/,http://glutenfreeoats.com/pages/Find-Us-Locally.html
B000720,GetKombucha.com,(888) 542-4448,www.GetKombucha.com,
B000704,Good Health,(336) 698-3590,http://www.goodhealthnaturalproducts.com/,
B000722,Genmai Life,(800) 475-3663,http://www.goldminenaturalfoods.com,
B000723,GEM Cultures,(253) 588-2922,www.gemcultures.com,
B000724,Gary West Meats,(800) 833-1820,http://www.garywest.com,http://www.garywest.com/retailers.asp
B000725,Garrick's,,http://www.realsourdoughbreadrecipe.com/,
B000726,Garden Time Organic,,http://www.gardentimeorganic.com/,
B000727,Garden of Life,(800) 622-8986,www.gardenoflife.com/,http://www.gardenoflife.com/Where-to-Buy/Find-A-Retailer.aspx
B000709,GoBio!,(519) 853-2958,www.gobiofood.com,http://www.gobiofood.com/where-to-buy-pa-30.html?osCsid=88ea4a0f21d39e6c7504ea6e061a3844
B000721,Gerolsteiner,,http://www.gerolsteiner.com/,http://www.gerolsteiner.com/index.php?id=1306
B000728,Futters,(1877) 772-2155,http://www.futtersnutbutters.com/,http://www.futtersnutbutters.com/stores.html
B000731,Full Circle Bison Ranch,(541) 846-1351,www.fullcirclebisonranch.com,
B000732,Fruit of the Vine Naturally,(318) 516-9567,www.fotvn.com/store,
B000733,Frontier,(800) 669-3275,http://www.frontiercoop.com,http://www.frontiercoop.com/store.php?Screen=locator
B000734,Fromages.com,,Fromages.com,
B000735,Frey Vineyards,(707) 485-5177,www.freywine.com,http://www.freywine.com/near-you.html
B000898,Casa Rosa Farms,,http://www.casarosafarm.com,http://www.casarosafarm.com/p/farmers-markets.html
B000737,Freekeh Foods,(612) 240-1408,http://www.freekeh-foods.com,http://www.freekeh-foods.com/find-freekeh
B000738,Frank's RedHot,(1800) 841-1256,http://www.franksredhot.com,
B000739,"Frank's Finest, LLC",,http://franksfinestllc.com/wordpress/,
B000740,Foxhollow Farm,(502) 241-9674,www.foxhollow.com,
B000741,Foods Alive,(260) 488-4497,www.foodsalive.com,http://www.foodsalive.com/Store-Locator-s/33.htm
B000742,Food for Life,(1800) 797-5090,http://www.foodforlife.com/,http://www.foodforlife.com/connect/store-locator
B000743,Flying Pigs Farm,(518) 854-3844,flyingpigsfarm.com,http://flyingpigsfarm.com/purchase-products/at-farmers-markets/
B000744,Fluit Family Farms,(541) 432-5071,fluitfamilyfarms.com,
B000729,Furmano's,(1877) 877-6032,http://www.furmanos.com/,http://www.furmanos.com/wheretobuy.asp
B000746,Flora,(888) 593-8333,http://www.florahealth.com/home_usa.cfm,http://www.florahealth.com/store_locator_usa.cfm
B000747,Flavorganics,8669726879,http://www.flavorganics.com/,
B000748,Flack Family Farm,(802) 933-7752,www.flackfamilyfarm.com,http://www.flackfamilyfarm.com/stores.html
B000749,Fishhugger,(602) 286-9233,www.fishhugger.com,
B000750,First Field,,http://www.first-field.com/,http://www.first-field.com/wordpress/find-us
B000730,Funky Monkey,(800) 783-1326,http://www.funkymonkeysnacks.com,http://www.funkymonkeysnacks.com/wheretofind.htm
B000736,Frenzs,(1877) 777-0613,http://www.frenzs.co.nz/,http://www.frenzs.co.nz/
B000745,Flour of Life - Blue Mountain Organics,(540) 745-5040,http://www.bluemountainorganics.com/flouroflife/,
B000754,Figo!,(303) 494-0366,http://www.figogelato.com,http://www.figogelato.com/where.html
B000755,Fields of Athenry Farm,(703) 926-8444,fieldsofathenryfarm.com,
B000756,Field Day,,http://www.fielddayproducts.com,http://www.fielddayproducts.com/pages/StoreLocator.aspx
B000757,Fiedler Family Farms,8127190540,www.fiedlerfamilyfarms.com,
B000758,Fermenti Artisan,(317) 493-1652,www.FermentiArtisan.com,
B000759,Faux Joe,(610) 587-7301,http://www.farmatcoventry.com/,
B000760,Fatworks,(303) 641-6922,http://www.fatworksfoods.com,
B000761,"Farmstead Fresh, Inc.",(800) 780-7303,http://www.farmsteadfresh.com,
B000762,Farmhouse Culture,(831) 466-0499,http://farmhouseculture.com/,http://chefshop.com/Store-Location-W14C207.aspx
B000751,Firefly Kitchens,(206) 436-8399,www.fireflykitchens.com,http://www.fireflykitchens.com/where-to-find-us/
B000764,Farmer to Family,(920) 507-1000,http://www.farmertofamilyorganics.com/,
B000765,Farm Fromage,(717) 314-1373,farmfromage.com,http://farmfromage.com/vendors/
B000766,Family Cow Farm,(717) 786-0131,,
B000767,Faithful Farm,(217) 336-4036,,
B000768,FAGE,(1866) 962-5912,http://usa.fage.eu/,http://usa.fage.eu/storelocator
B000752,Finn Crisp,,http://www.finncrisp.com/,http://www.finncrisp.com/where-to-buy/
B000770,Fab Ferments,(513) 236-9779,http://fabulousferments.com/,http://fabulousferments.com/?page_id=604
B000771,Explore Asian,(888) 208-9471,http://www.explore-asian.com,http://www.explore-asian.com/page.asp?id=510002
B000772,Exotic Superfoods,(917) 685-2586,http://www.exoticsuperfoods.com,http://www.exoticsuperfoods.com/pages/shop-locations
B000773,Exo,,http://www.exo.co,
B000774,EVOLve Nuts & Seeds,(603) 475-5095,http://www.willnroses.com,http://www.willnroses.com/SearchResults.asp?Cat=68
B000775,Evolution Fresh,(800) 794-9986,http://www.evolutionfresh.com,http://www.evolutionfresh.com/en-us/where-to-buy
B000763,Farmers' Hen House,(319) 683-2206,http://www.farmershenhouse.com/,http://www.farmershenhouse.com/where-to-buy/
B000777,Essential Eating,(570) 586-1557,http://essentialeating.com/,
B000778,Erivan,(215) 887-2009,erivandairy.com/,
B000779,Equal Exchange,(774) 776-7333,equalexchange.coop,
B000780,Epic Bar,,http://www.epicbar.com/,https://epicbar.com/find.html
B000781,Emperor's Kitchen,(800) 334-5809,great-eastern-sun.com,
B000782,Emerald Cove,(800) 334-5809,great-eastern-sun.com,
B000769,Fabrique Délices,(510) 441-9500,http://fabriquedelices.com/,http://fabriquedelices.com/contact/
B000784,El Sabroso,(626) 336-7711,http://www.snakking.com/elsabroso.aspx,http://www.snakking.com/contact.aspx
B000785,Einkorn,(208) 557-4351,http://www.einkorn.com,
B000786,Eggland's Best,(800) 922-3447,egglandsbest.com,http://egglandsbest.com/where-to-buy.aspx
B000787,Edward & Sons,(805) 684-8500,http://www.edwardandsons.com/,http://www.edwardandsons.com/findStore.itml
B000788,Eden Foods,(888) 424-3336,http://www.edenfoods.com,http://www.edenfoods.com/storelocator/search.php
B000776,Essential Living Foods,(310) 319-1555,http://essentiallivingfoods.com,
B000790,Echire,(1800) 522-8427,www.markys.com,
B000791,Ebeehoney.com,(419) 289-6701,http://www.Ebeehoney.com,
B000792,EatRaw,(866) 432-8729,www.eatraw.com,
B000793,East Wind Nut Butters,(417) 679-4682,http://eastwindnutbutters.com,http://eastwindnutbutters.com/store_locator.php
B000794,East of Eden Farm,828-713-1538,www.eastofedenfarm.com,
B000795,Earth Salt,(888) 725-8386,http://earth-salt.com,
B000796,Earth Circle Organics,(877) 922-3663,www.earthcircleorganics.com,
B000797,Eagle's Sugar Camp,(540) 396-6126,,
B000798,Dutch Valley Foods,(800) 733-4191,http://www.dutchvalleyfoods.com/,
B000799,Driftless Organics,(608) 624-3735,http://driftlessorganics.com/,http://cookingwithsunfloweroil.com/availability/
B000800,Dreaming Cow Creamery,2298592677,http://www.dreamingcow.com/,http://www.dreamingcow.com/where-to-buy/
B000801,Dream Foods International,310-315-5739,http://www.dreamfoods.com,http://stores.dreamfoods.com/
B000802,Drakes Bay Family Farms,(415) 669-1149,http://www.drakesbayoyster.com,http://www.drakesbayoyster.com/products/availability.html
B000803,Dr. Vita,(800) 211-4188,www.drvita.com,
B000804,Dr. Tima's,,,
B000805,Dr. Ron's,(877) 472-8701,http://www.drrons.com,
B000806,Dr. Cow,(718) 486-5919,http://www.dr-cow.com,http://www.dr-cow.com/stockist/
B000807,Dr. Bronner's,(877) 786-3649,http://www.drbronner.com,https://www.drbronner.com/locator/
B000808,Double Diamond Ranch,(541) 853-2320,http://doublediamondranch.netbiz.com/,
B000783,Eliki,310-756-2465,http://www.elikioliveoil.com,
B000789,Echo Falls,(206) 285-6800,http://www.oceanbeauty.com/our-brands-2/echo-falls/,http://www.oceanbeauty.com/who-we-are/contact-us/
B000811,Divine Organics,(415) 884-4477,http://divineorganics.com,
B000812,Diviana Alchemy,(360) 981-2328,http://www.divianaalchemy.com/,
B000813,Dietrich's,(610) 756-6344,http://www.dietrichsmeats.com/,
B000814,Diestel,(888) 446-2253,http://www.diestelturkey.com/,http://www.diestelturkey.com/find-our-products-locally/
B000809,Doctor Kracker,(972) 633-1100,http://drkracker.com/,http://drkracker.com/where-to-buy/
B000816,DeLouis Fils,,http://www.delouis.com/,
B000817,DeLand Bakery,(386) 734-7553,http://www.delandbakery.com/,http://www.delandbakery.com/find-us-near-you/
B000818,DeLallo,(800) 433-9100,http://www.delallo.com/,
B000810,Doctor in the Kitchen,,http://www.drinthekitchen.com,http://www.drinthekitchen.com/locations.html
B000815,Devon Cream Company,,https://www.facebook.com/TheDevonCreamCompany,
B000821,David Wolfe Foods,(805) 870-5756,http://www.longevitywarehouse.com,
B000822,Dave's,(888) 454-8862,http://davesalbacore.com,
B000823,Dastony,(800) 518-0727,http://www.dastony.com/,
B000819,Deck Family Farm,(541) 998-4697,http://www.deckfamilyfarm.com/,http://www.deckfamilyfarm.com/ordering.html#stores
B000820,De Nigris,,http://en.acetobalsamico.it/,http://en.acetobalsamico.it/contacts/where-find
B000826,Danisco,,http://www.danisco.com,
B000824,Dansk Farms,(407) 965-5551,www.danskfarms.com,
B000828,Dandy Blend,(800) 697-4858,www.dandyblend.com,http://www.dandyblend.com/StoresLocation.asp
B000829,Dancing Star,(413) 625-8300,http://chunksofenergy.com/,https://chunksofenergy.com/find-store/
B000830,Dairy Connection,(608) 242-9030,http://www.getculture.com/,
B000831,D'Artagnan,(800) 327-8246,http://www.dartagnan.com/,
B000832,D and S Ranches,(559) 847-0444,http://www.almonds-from-california.com,
B000833,Custom Probiotics,(800) 219-8405,www.customprobiotics.com,
B000834,Custom Collagen,630-628-8082,http://www.customcollagen.com/Home_Page.html,
B000835,Cultures for Health,(800) 962-1959,www.culturesforhealth.com,http://www.culturesforhealth.com/ustorelocator/location/map
B000836,Cultured Food Life,,http://www.culturedfoodlife.com,
B000837,Crystal,(504) 482-5761,http://www.baumerfoods.com/,http://www.baumerfoods.com/stores.php
B000838,Cruze Farm,(865) 363-0631,http://www.cruzefarmgirl.com/,
B000839,Crown Prince Natural,(800) 447-2524,http://www.crownprince.com/,http://www.crownprince.com/locate-products-crown-prince.htm
B000840,Crofter's,,http://www.croftersorganic.com/,http://www.croftersorganic.com/WhereToBuy.php
B000841,Cricket Creek Farm,(413) 458-5888,http://cricketcreekfarm.com/,http://cricketcreekfarm.com/where-to-find-our-cheese/
B000842,"Creminelli Fine Meats, LLC",(801) 428-1820,http://www.creminelli.com/,
B000843,Creminelli,(801) 428-1820,http://www.creminelli.com/,http://www.creminelli.com/contacts/
B000844,Crazy Richard's,(800) 833-3978,http://www.kremaproducts.com/,http://www.kremaproducts.com/where-to-buy.asp
B000845,Cowgirl Creamery,(866) 433-7834,http://www.cowgirlcreamery.com/,http://www.cowgirlcreamery.com/visit-us
B000846,Country Choice Organic,(952) 829-8824,http://www.countrychoiceorganic.com/,
B000847,Country Castle,(608) 325-4343,,
B000848,Coturri Winery,(866) 268-8774,www.coturriwinery.com,
B000825,Danlac,(403) 948-4644,http://www.danlac.com/,
B000850,Copper River Fish Market,(907) 253-9453,http://www.copperriverfishmarket.com/,
B000851,Copper Creek Farms,(765) 395-7886,http://www.farmorders.org,
B000827,Danielle,,http://www.daniellechips.com/,
B000853,Cook Pigs Ranch,,http://www.cookpigs.com/,
B000849,Copper River Seafoods,(907) 522-7806,http://www.copperriverseafoods.com,http://www.copperriverseafoods.com/contact-us/
B000855,Columbia Gorge Organic,(541) 354-1066,http://www.cogojuice.com,http://www.cogojuice.com/locations
B000856,Columbia County Bread & Granola,(570) 441-4031,http://columbiacountybread.com,
B000857,Colorado Mountain Jam,(970) 464-0745,http://www.plumdaisy.com/,http://www.plumdaisy.com/plumdaisy.cfm?page=zipcodes/zipcodelocator.cfm
B000858,Colonial Goat Dairy,(717) 768-7492,,
B000859,Colonial Classics Farmstead Cheese,(740) 945-2079,,
B000852,Coombs,(888) 266-6271,www.coombsfamilyfarms.com,http://www.coombsfamilyfarms.com/find-a-retailer/
B000861,Cole's,(401) 396-5966,http://www.colestrout.com/sardines.aspx,http://www.colestrout.com/wheretobuy.aspx
B000862,Colavita,(888) 265-2848,http://www.colavita.com/,
B000863,Cocopura,(877) 787-6457,www.vivapura.com,http://www.vivapura.com/Store_Locator_s/1825.htm
B000864,Coconut Secret,(888) 369-3393,http://www.coconutsecret.com/,http://www.coconutsecret.com/Store%20Locator2.html
B000865,Coconut Oil Supreme,(800) 922-1744,http://www.coconutoil-online.com/,
B000866,Cocomo Joe,(310) 412-9000,http://www.cocomojoefoods.com,http://www.cocomojoefoods.com/pages/store-locator
B000867,CocoKefir,(877) 499-3033,http://www.cocokefir.com/,http://www.cocokefir.com/index.php?option=com_content&view=article&id=5&Itemid=5
B000868,Clover Organic Farms,(800) 237-3315,http://cloverstornetta.com/,http://cloverstornetta.com/where-to-buy/
B000869,Clover Cove Ranch,(402) 925-2431,http://www.clovercove.com/,
B000870,Clif,(1800) 254-3227,http://www.clifbar.com/,http://www.clifbar.com/store_locator/
B000871,Claravale Dairy,(831) 628-3219,http://claravaledairy.com/,http://claravaledairy.com/store_list.html
B000854,"Continental Sausage, Inc.",(866) 794-7727,http://www.continentalsausage.com/,
B000873,Ciao Organics,(845) 363-6253,http://www.ciaoorganics.com/,http://www.ciaoorganics.com/About_us/location_us.html
B000874,Christiansen's Family Farm,(435) 839-3482,http://www.christiansenfarm.com/,
B000875,CHR Hansen,(888) 289-2218,http://www.chr-hansen.com,
B000876,Cholula,,http://www.cholula.com,http://www.cholula.com/where/locator.php
B000877,Choice Organic Teas,(866) 972-6879,http://shop.choiceorganicteas.com/,http://www.choiceorganicteas.com/locator/
B000878,Chocola Tree,(928) 282-2997,http://chocolatree.com/,http://chocolatree.com/retail-partners
B000879,Chimay,,www.chimay.com,
B000880,Cherry Grove Farm,(609) 219-0053,http://www.cherrygrovefarm.com/,http://www.cherrygrovefarm.com/local-shops-local-cheese/
B000881,Chartrand Imports,(207) 594-7300,http://chartrandimports.com/,http://chartrandimports.com/where-to-buy/where-to-buy-in-maine/
B000882,Charlito's Cocina,(917) 539-9315,http://charlitoscocina.com,http://charlitoscocina.com/stores/
B000860,Coleman Natural,(800) 442-8666,http://www.colemannatural.com/,http://www.colemannatural.com/wheretobuy.asp
B000872,Citterio,(1800) 435-8888,http://www.citteriousa.com/,http://www.citteriousa.com/contact.html
B000883,Chapel's Country Creamery Farm,(410) 820-6647,http://chapelscountrycreamery.com/,http://chapelscreamery.com/find.html
B000886,Cento,(856) 853-5445,http://www.cento.com/,
B000887,Celtic Sea Salt,(800) 867-7258,http://www.celticseasalt.com/,http://www.celticseasalt.com/store-locator/
B000888,Celestial Seasonings,(800) 351-8175,http://www.celestialseasonings.com,http://www.celestialseasonings.com/locator
B000889,Cedar Summit Farm,(952) 758-6886,http://www.cedarsummit.com/,http://www.cedarsummit.com/our-store/
B000890,Cedar River Farms,(800) 7272333,http://cedarriverfarms.com/,
B000891,Cedar Grove Cheese,(800) 200-6020,http://www.cedargrovecheese.com/,http://www.cedargrovecheese.com/ComeVisit.html
B000884,Chaffin Family Orchards,(530) 533-1676,http://www.chaffinfamilyorchards.com/,
B000893,Caw Caw Creek,(803) 250-5803,http://cawcawcreek.com/,
B000894,Caveman Fuel,,http://www.cavemanfuel.com,
B000885,Century Sun Oil,(866) 810-9902,http://www.centurysunoil.com/,http://www.centurysunoil.com/retailers/
B000896,Castle Rock Organic Farms,(715) 597-0085,http://www.castlerockfarms.net/,http://www.castlerockfarms.net/locations.php
B000897,Cascadian Farms,(800) 624-4123,http://www.cascadianfarm.com/,http://consumercontacts.generalmills.com/CrunchProdAvailability/ProductAvailability.aspx?m=24
B000892,Cayuga Pure Organics,(607) 793-0085,http://www.cporganics.com/,http://www.cporganics.com/farmers-markets
B000899,Casa Barranca,(805) 640-1255,http://www.casabarranca.com/,
B000895,Cato Corner Farm,(860) 537-3884,http://www.catocornerfarm.com/,
B000901,Carrell Farms,(770) 267-0948,http://www.carrellfarms.com/,
B000902,Carlton Farms,(570) 396-0886,http://carltonfarms.net,
B000903,Carlson,(888) 234-5656,http://www.carlsonlabs.com/,http://www.carlsonlabs.com/storelocator.aspx
B000904,Capital Kombucha,(617) 755-0801,http://www.capitalkombucha.com,http://www.capitalkombucha.com/find-us/
B000905,Cape Cleare,(360) 385-7486,http://www.capecleare.com/,http://www.capecleare.com/contact/
B000900,Carrington Farms,(800) 505-9546,http://www.carringtonfarms.com/,http://carringtonfarms.com/store-locator/
B000906,Capay Canyon Ranch,(530) 662-2372,http://capaycanyonranch.com/,http://capaycanyonranch.com/contact-us/
B000908,Canaan Fair Trade,(360) 980-2580,https://www.canaanusa.com,https://www.canaanusa.com/shop/ ; http://www.wholefoodsmarket.com/stores/list
B000909,Camelina Gold,(406) 396-1420,http://camelinagold.com/,http://camelinagold.com/?page_id=15
B000910,California Olive Ranch,(530) 846-8000,http://www.californiaoliveranch.com/,http://www.californiaoliveranch.com/store-locator
B000907,Canal Junction,(419) 399-2350,http://www.cjgrassfed.com/,email 7/28/2014 9:55:00
B000912,Cafix,(973) 338-1499,http://www.cafix.com/,http://www.internaturalfoods.com/slex.php?brand=cafix
B000911,Caldwell,(819) 849-2000,http://www.caldwellbiofermentation.com/,
B000914,Cabot Creamery,(888) 792-2268,http://www.cabotcheese.coop,http://www.cabotcheese.coop/store-finder/
B000913,Cada Dia Cheese,(541) 788-7723,http://www.cadadiacheese.com/,
B000916,Butterworks,(802) 744-6855,http://www.butterworksfarm.com/,http://www.butterworksfarm.com/distribution.html
B000917,Busha Browne's Planters,(876) 906-0347,www.bushabrowne.com,http://www.bushabrowne.com/buy.php
B000918,Burroughs Family Farms,(209) 874-9400,http://www.burroughsfamilyfarms.com/,
B000919,Burgundy Pasture,(817) 866-2247,www.burgundypasturebeef.com,http://burgundypasturebeef.com/public_wheretobuy.php
B000920,Burgie's Organics,(920) 349-3154,http://m.burgiesorganics.com/,
B000921,Bumble Bee,,http://www.bumblebee.com/,
B000922,Buffalo Peak Ranch,(888) 208-6360,www.buffalopeakranch.com/,
B000915,"C2O Pure Coconut Water, LLC",(877) 295-0873,http://www.c2o-cocowater.com,http://www.c2o-cocowater.com/stores.html
B000923,Buffalo Guys,(888) 330-8686,http://www.thebuffaloguys.com/,http://www.thebuffaloguys.com/bison-retailers/list
B000925,Buck Mountain,(802) 370-0219,http://www.buckmountainmaple.com/,
B000926,Buchi Kombucha,(828) 484-8229,http://drinkbuchi.com/,http://drinkbuchi.com/find-buchi
B000927,Bubbies,(209) 951-6071,http://www.bubbies.com/,http://www.bubbies.com/wheretobuy
B000928,Brunswick (Bumblebee),,http://www.bumblebee.com/,
B000929,Brunkow Dairy,(608) 776-3716,http://www.brunkowcheese.com/,https://www.facebook.com/BrunkowCheese/info
B000930,Brown Cow,(888) 429-5459,http://www.browncowfarm.com/,http://www.browncowfarm.com/store-locator
B000931,Broken Arrow Ranch,(800) 962-4263,http://www.brokenarrowranch.com/,
B000932,Broadleaf,(800) 336-3844,http://www.broadleafgame.com/,
B000933,Brittany Sea Salt,(866) 671-7451,http://www.brittanysalt.com/,
B000934,Bremner Farms,(530) 893-4950,http://organicalmondsraw.com/,
B000924,Buenatural,(800) 952-4453,http://www.buenofoods.com,http://www.buenofoods.com/br_where_to_buy.html
B000936,Bread Alone,(800) 769-3328,www.breadalone.com,http://www.breadalone.com/locations
B000937,Bravo,(559) 834-3222,https://www.bravofarms.com/default.asp,http://www.bravofarmstraver.com/contact.html
B000938,Brassica and Brine,(562) 234-2666,http://www.brassicaandbrine.com,http://www.brassicaandbrine.com/?page_id=260
B000939,Brasserie Dupont,,www.brasserie-dupont.com,
B000940,Brasserie Castelain,,http://www.chti.com/home#,
B000941,Branon,(802) 827-3914,http://www.branonmaple.com/,
B000935,"Bread Beckers, Inc.",(770) 516-5000,http://www.breadbeckers.com/,http://info.breadbeckers.com/retail-store/
B000943,Bragg,(1800) 446-1990,http://www.bragg.com/,http://bragg.com/reseller/retailerlist/locator_entrypage.html
B000944,Box Organix,(309) 335-0599,http://www.boxorganix.com/,
B000945,Boulder Canyon,(866) 890-1004,http://www.bouldercanyonfoods.com/,http://www.bouldercanyonfoods.com/where-to-buy
B000942,Branched Oak Farm,(402) 783-2124,http://branchedoakfarm.com/,http://branchedoakfarm.com/wheretobuy.php
B000947,Thuro Bread,(651) 379-4809,thurobread.com,http://thurobread.com/for-retailers
B000948,Bonewerks,(800) 542-3032,https://www.bonewerksculinarte.com/,
B000949,Bolzano Artisan Meats,(414) 426-6380,http://bolzanomeats.com/,http://bolzanomeats.com/Where_to_Buy.html#sthash.S6sGsv9T.dpbs
B000950,Body Ecology,(800) 511-2660,http://bodyecology.com/,
B000946,Border Springs Farm,(276) 952-5485,http://www.borderspringsfarm.com/,http://www.borderspringsfarm.com/retail-locations/
B000952,Bob's Red Mill,(800) 349-2173,http://www.bobsredmill.com/,http://www.bobsredmill.com/dealer_locator.php
B000953,Boar's Head,(1800) 352-6277,http://boarshead.com/,
B000951,Bobolink Dairy,(973) 764-4888,http://www.cowsoutside.com/,
B000955,Bluebird Grain Farms,(888) 232-0331,http://www.bluebirdgrainfarms.com/,http://www.bluebirdgrainfarms.com/retail-locations.html
B000956,Blue Mountain Meadows,(717) 423-5680,,
B000954,Bluff Wood Creek,(317) 536-9800,http://www.bluffwoodcreek.com,http://www.bluffwoodcreek.com/honey/locations.html
B000958,Blue Hill Bay,(718) 383-8585,http://www.acmesmokedfish.com/products?landing=blue-hill-bay,http://www.acmesmokedfish.com/store-locator
B000959,BLiS,(616) 942-7545,http://blisgourmet.com/home/,http://blisgourmet.com/pages/where-to-buy
B000960,"Blackwing, Inc.",(847) 838-4888,http://www.blackwing.com/,
B000957,Blue Monkey,,http://www.bluemonkeydrinks.com,http://www.bluemonkeydrinks.com/available.html
B000962,Biotta Naturals,(866) 595-8917,http://biottajuices.com/,http://biottajuices.com/locations/
B000963,Bionaturae,(860) 642-6996,http://www.bionaturae.com/,http://www.bionaturae.com/where-to-purchase.html
B000964,Bioitalia,,http://www.bioitalia.it/index.php,
B000965,Biltong USA,(888) 438-2458,biltongusa.com,http://www.biltongusa.com/store-locator/
B000961,Black Earth Meats,(608) 767-3940,http://www.blackearthmeats.com/,
B000967,Bija,(800) 320-3015,http://www.floressencetea.com/category/Bija.html#tab=Home,
B000966,Bilinski's,(877) 873-9102,http://www.bilinski.com/,http://www.bilinski.com/wheretobuy/
B000968,Big Tree Farms,(541) 488-5605,www.bigtreefarms.com,http://www.bigtreefarms.com/index.php/page/store
B000970,Biena,(450) 778-5505,http://www.biena.com,
B000971,Bices Quality Critter Ranch,(715) 424-5159,http://bicesranch.com/,http://bicesranch.com/products/store-locations/
B000969,Big Tree Farms,(541) 488-5605,http://bigtreefarms.com/,http://www.bigtreefarms.com/index.php/page/store
B000973,Best Of All,(800) 381-0759,,
B000974,Bernard Jensen,(760) 471-9977,http://www.bernardjensen.com/,
B000975,Berlin Natural Bakery,(800) 686-5334,http://www.berlinnaturalbakery.com/,http://www.berlinnaturalbakery.com/locate.html
B000976,Berkshire Mountain Bakery,(413) 274-3412,http://www.berkshiremountainbakery.com/,
B000977,Beneficial Farms,(505) 470-1969,http://mesatopfarm.com/,
B000978,Ben & Jerry's,(802) 846-1500,http://www.benjerry.com/,http://www.benjerry.com/
B000972,Better Than Roasted - Blue Mountain Organics,(540) 745-5040,http://www.bluemountainorganics.com/betterthanroasted/,
B000980,Bellwether Farms,(707) 763-0993,http://www.bellwetherfarms.com/,
B000981,Belle~Amour Macaroons,(612) 723-7960,http://belleamourmacaroons.com,http://belleamourmacaroons.com/where-to-find-us.php
B000982,Bella Viva Orchards,(855) 888-8482,http://www.bellaviva.com/,https://www.bellaviva.com/crm.asp?action=contactus
B000983,Bell & Evans,(717) 865-6626,http://www.bellandevans.com/,http://www.bellandevans.com/location/39.2139942%2C-79.6370059_50
B000984,Bela-Olhao,,,
B000985,Beeler's,(877) 378-8520,http://www.beelerspurepork.com/,
B000986,Bee Chama Honey,(575) 517-7438,http://www.beechamahoney.com/,
B000979,Beltie Beef,(877) 846-5721,http://www.beltiebeef.com/,http://beltiebeef.com/index.php?main_page=page&id=17&chapter=0
B000988,Bechard Family Farm,(417) 589-4152,http://www.bechardfarm.com/,
B000989,Beccaroons,(952) 451-0343,,
B000987,Becker Lane Organic,(563) 875-2248,http://beckerlaneorganic.com/,http://beckerlaneorganic.com/where-to-buy/
B000991,BC Kelp,(250) 622-7085,http://www.bckelp.com/,
B000992,Barry Farm,(419) 741-0155,http://www.barryfarm.com/,
B000990,Beagle Bay Organics,(941) 812-2771,www.beaglebayorganics.com,http://www.beaglebayorganics.com/contact/
B000994,Bariani,(415) 864-1917,https://www.barianioliveoil.com/,https://www.barianioliveoil.com/store_locator
B000995,Bareville Creamery,(717) 656-4422,,
B000996,Bare Fruit,(800) 940-0019,http://www.barefruitsnacks.com/,http://www.baresnacks.com/find.php
B000993,Barlean's,(800) 445-3529,http://www.barleans.com/,http://www.barleans.com/locator.asp
B000998,Bar 10 Ranch,(800) 582-4139,www.bar10beef.com,
B000999,BAO,(718) 391-0009,http://www.baofoodanddrink.com/,http://www.baofoodanddrink.com/pages/find-new-yorks-bao-fresh-kombucha
B001000,BannerBee,(240) 793-0363,www.bannerbees.com/,http://www.bannerbees.com/store/WsAncillary.asp?ID=12
B001001,Baldwin Charolais Beef,(800) 896-4857,www.baldwingrassfedbeef.com/,http://www.baldwingrassfedbeef.com/shop/pc/viewcontent.asp?idpage=18
B001002,Balducci's,(800) 346-8763,http://www.balduccis.com/,http://www.balduccis.com/locations
B001003,Backyard Birds,(877) 455-3063,http://www.vitalfarms.com/otherbrands.html,http://www.vitalfarms.com/map/
B001004,Back Creek,(540) 499-2302,http://www.welcometobackcreek.com/syrup/,
B001005,B & G Honey Farm,,http://www.bandghoneyfarm.com/,
B001006,Azure Standard,(971) 200-8350,http://www.azurestandard.com/,
B001007,Awesome Foods,(610) 757-1048,http://www.awesomefoods.com/,http://www.awesomefoods.com/locations.asp
B001008,Awers Inc.,(888) 297-9196,http://www.red-caviar.com/,
B001009,Australian Lamb,(800) 438-5262,http://www.australianlamb.com/,
B001010,Aurora Naturals Products,(203) 375-9956,http://www.auroraproduct.com,
B001011,Atlantic Mariculture,(506) 662-8150,http://www.organicdulse.com/,http://www.organicdulse.com/howToOrder.html
B001012,Atkins Ranch,(510) 440-8700,http://www.atkinsranch.com/,http://www.atkinsranch.com/album3_004.htm
B001013,Artisana,(866) 237-8688,http://artisanafoods.com/,http://www.artisanafoods.com/store-locator/
B001014,Arrowhead Mills,(1800) 434-4246,http://www.arrowheadmills.com/,http://consumer.arrowheadmills.com/store-locator/index.html
B001015,Arora Creations,(347) 335-0972,http://www.aroracreations.com,http://www.aroracreations.com/store-locator/
B001016,Aqua Vitea,(802) 453-8590,http://aquavitea.com/,http://www.aquavitea.com/Find/
B001017,Applegate Naturals,(866) 587-5858,http://www.applegate.com/,http://www.applegate.com/locator
B001018,Apollo,(877) 776-0703,www.apollooliveoil.com,http://www.apollooliveoil.com/organic-extra-virgin/index.php/contacts/contact-us/
B001019,Apollinaris,,http://www.apollinaris.de/,http://www.apollinaris.de/de_de/
B001020,Anton Kozlik's,(416) 361-9788,http://www.mustardmaker.com/,http://www.mustardmaker.com/location.html
B001021,Annie's Naturals,(800) 288-1089,http://www.annies.com/,http://www.annies.com/store-locator/
B001022,Ann Payne’s Caveman Foods,(610) 240-4810,http://eatcavemanfood.com,http://eatcavemanfood.com/?page_id=23
B000997,Bar Harbor,(800) 962-6258,http://www.barharborfoods.com,http://www.barharborfoods.com/buy-bar-harbor-foods.php
B001024,Anderson Ranches,(541) 466-5866,http://www.oregonlamb.com/,http://www.oregonlamb.com/stores.html
B001025,Ancient Organics,(510) 847-5565,http://www.ancientorganics.com/,http://www.ancientorganics.com/store-locator/
B001026,Ancient Harvest,(310) 217-8140,http://www.quinoa.net/,http://ancientharvest.com/buy-quinoa/
B001027,Ancient Awakenings,(404) 310-8100,http://ancientawakenings.net,http://www.ancientawakenings.net/page4.html
B001028,Anchor,(954) 536-2000,http://www.anchorbutter.com/,http://www.anchorbutter.com/Contact.html
B001029,Anahata Balance,(231) 360-7043,http://store.anahatabalance.com/,
B001030,Amy's,(707) 568-4500,amys.com,http://www.amys.com/buy/store-locator
B001031,Amy & Brian,(360) 433-2325,http://amyandbriannaturals.com/,http://amyandbriannaturals.com/Find.html
B001032,Amport Foods,(1855) 273-0466,http://www.amportfoods.com/,http://www.amportfoods.com/contact.html
B001033,"Amish Honey, Inc.",(917) 519-1242,http://amishhoney.com,
B001034,Ames Farm,(952) 955-3348,http://www.amesfarm.com/,http://www.amesfarm.com/pages/shop-locally
B001035,American Tuna,(866) 817-0497,http://www.americantuna.com/,http://www.americantuna.com/html/find.html
B001036,American Homestead Natural Meats,,http://www.homesteadnaturalmeats.com,http://www.homesteadnaturalmeats.com/category/all-pork-products
B001037,Alvarado Street Bakery,(707) 283-0300,http://www.alvaradostreetbakery.com/,http://www.alvaradostreetbakery.com/store_locator/
B001038,Alpha,(800) 663-2212,http://www.alphahealth.ca/shop/,
B001039,All Stars Bakery,(905) 738-9624,http://allstarsbakery.com/,http://allstarsbakery.com/where.html
B001040,Alive & Radiant Foods,(510) 527-8916,http://shop.kaiafoods.com/,
B001041,Alfresco Farms,(877) 455-3063,www.alfrescofarms.com/,http://vitalfarms.com/map/
B001042,Alford,,http://www.oatmealofalford.com/,
B001043,Alexandre Family EcoDairy Farms,(707) 487-1000,http://www.ecodairyfarms.com/,http://www.ecodairyfarms.com/Contact.html
B001044,Alexander Valley Gourmet,(707) 473-0116,http://sonomabrinery.com/,http://sonomabrinery.com/retailers.html
B001045,Alderspring Ranch,,http://www.alderspring.com/,
B001046,Alden's,,http://www.aldensicecream.com/,http://www.aldensicecream.com/find-a-store/
B001047,Alaska Birch Syrup Company,(907) 355-5721,http://www.alaskasyrup.com/,http://www.alaskasyrup.com/Order%20sheet%20birch%20syrup.htm
B001048,Alaffia,(800) 664-8005,https://www.alaffia.com/,https://www.alaffia.com/locator/
B001049,Al Fresco,(800) 426-6100,http://www.alfrescoallnatural.com/,http://www.alfrescoallnatural.com/find-a-store
B001050,Ak-Mak,(559) 875-5511,http://www.akmakbakeries.com/,http://www.akmakbakeries.com/stores.html
B001051,Aidell's,(877) 243-3557,http://www.aidells.com,http://www.aidells.com/storelocator
B001052,Adams,(888) 550-9555,http://www.adamspeanutbutter.com,http://www.adamspeanutbutter.com/Resource/WhereToBuy
B001053,AcroAma Blends,(563) 552-7415,http://www.acroamablends.com,
B001054,Acme Smoked Fish,(718) 383-8585,http://www.acmesmokedfish.com,http://www.acmesmokedfish.com/store-locator
B001055,Acme Bakery,(510) 524-1327,http://acmebread.com/,http://acmebread.com/locations
B001056,Aceto Beato DeMarco,(888) 421-6546,http://www.organicoil.com/,
B001057,Abuelita,(703) 369-0232,http://www.abuelita.com/,
B001058,A.F. Kombucha,(877) 566-2824,http://www.kombucha2000.com/,
B001059,A. Vogel,,www.herbamare.us,http://www.herbamare.us/storelocator.aspx
B001060,A Taste of Thai,(716) 833-8423,http://www.atasteofthai.com/,http://andreprost.com/index.php?page=locator
B001061,911caviar.com,(800) 660-0063,http://www.911caviar.com/,
B001062,5 Spoke Creamery,(914) 934-1649,http://www.5spokecreamery.com/,http://www.5spokecreamery.com/where-to-buy/
B001063,5 Bar Beef,(714) 749-5717,http://5barbeef.com/,
